"Correlation_Id","Dispatch_Id","Agent_Id","Queue_Id","Process_Id","Thread_Id","Grid_Size","Kernel_Id","Kernel_Name","Workgroup_Size","LDS_Block_Size","Scratch_Size","VGPR_Count","Accum_VGPR_Count","SGPR_Count","Counter_Name","Counter_Value","Start_Timestamp","End_Timestamp"
648,646,"Agent 2",1,613108,613108,131072,12,"__amd_rocclr_copyBuffer",512,0,0,16,0,32,"GRBM_GUI_ACTIVE",302770.000000,440249350292553,440249350300833
648,646,"Agent 2",1,613108,613108,131072,12,"__amd_rocclr_copyBuffer",512,0,0,16,0,32,"SQ_BUSY_CYCLES",471437.000000,440249350292553,440249350300833
648,646,"Agent 2",1,613108,613108,131072,12,"__amd_rocclr_copyBuffer",512,0,0,16,0,32,"SQ_INSTS_VALU_MFMA_MOPS_BF16",0.00000000e+00,440249350292553,440249350300833
648,646,"Agent 2",1,613108,613108,131072,12,"__amd_rocclr_copyBuffer",512,0,0,16,0,32,"SQ_WAVES",2048.000000,440249350292553,440249350300833
648,647,"Agent 2",1,613108,613108,524288,43,"triton_softmax_3",256,0,0,44,4,32,"GRBM_GUI_ACTIVE",245505.000000,440249350367074,440249350373994
648,647,"Agent 2",1,613108,613108,524288,43,"triton_softmax_3",256,0,0,44,4,32,"SQ_BUSY_CYCLES",327432.000000,440249350367074,440249350373994
648,647,"Agent 2",1,613108,613108,524288,43,"triton_softmax_3",256,0,0,44,4,32,"SQ_INSTS_VALU_MFMA_MOPS_BF16",0.00000000e+00,440249350367074,440249350373994
648,647,"Agent 2",1,613108,613108,524288,43,"triton_softmax_3",256,0,0,44,4,32,"SQ_WAVES",8192.000000,440249350367074,440249350373994
648,648,"Agent 2",1,613108,613108,4194304,44,"wrapped_concatenate",256,0,0,8,0,32,"GRBM_GUI_ACTIVE",650541.000000,440249350420754,440249350448754
648,648,"Agent 2",1,613108,613108,4194304,44,"wrapped_concatenate",256,0,0,8,0,32,"SQ_BUSY_CYCLES",1049913.000000,440249350420754,440249350448754
648,648,"Agent 2",1,613108,613108,4194304,44,"wrapped_concatenate",256,0,0,8,0,32,"SQ_INSTS_VALU_MFMA_MOPS_BF16",0.00000000e+00,440249350420754,440249350448754
648,648,"Agent 2",1,613108,613108,4194304,44,"wrapped_concatenate",256,0,0,8,0,32,"SQ_WAVES",65536.000000,440249350420754,440249350448754
648,649,"Agent 2",1,613108,613108,65536,1499,"Cijk_Ailk_Bljk_BBS_BH_Bias_HA_S_SAV_UserArgs_MT192x256x64_MI16x16x1_CMS_SN_LDSB0_AFC0_AG0_AGGSUA0_AGNTAB0_AFEM1_AFEM1_ASEM1_CD1_1_CLR1_CLS0_CADS0_DTLA1_DTLB1_DTLM0_DTVA0_DTVB0_DTVMXSA0_DTVMXSB0_DTVSM0_DPLB0_EPS0_ELFLR0_EMLLn1_FDSI0_GRPM1_GRVWA8_GRVWB8_GSU0_GSUAMB_GLS0_HPLR0_ISA950_ICIW0_IU1_K1_LDSTI1_LBSPPA0_LBSPPB1024_LBSPPMXSA0_LBSPPMXSB0_LBSPPM0_LPA0_LPB16_LPMXSA0_LPMXSB0_LPM0_LRVW8_LWPMn1_MIAV0_MIWT6_8_MXLIBL_MXSFNS_MO40_MGRIPM1_NTn1_NTA0_NTB0_NTC0_NTD4_NTE0_NTMXSA0_NTMXSB0_NTM0_NTWS0_NVn1_NVA0_NVB0_NVC0_NVD0_NVE0_NVMXSA0_NVMXSB0_NVM0_NVWS0_NEPBS0_NLCA1_NLCB1_ONLL1_PAP0_PGL0_PGR2_PLR1_PKA1_SGROB0_SIA3_SS1_SPO0_SRVW0_SSO0_SVW1_SK5_SKFTR0_SKFDPO0_SKXCCM0_SNLL0_SIP1_SGRO1_TDMI0_TDMIM0_TDMS0_TIN0_THn1_THA0_THB0_THC0_THD0_THE0_THMXSA0_THMXSB0_THM0_THWS0_TLDS1_TLDSM1_ULSGRO0_USL1_USLMX0_UIOFGRO0_UPLRP0_USFGRO0_USI0_VSn1_VWA1_VWB8_WSGRA0_WSGRB0_WS64_WG32_8_1",256,123904,0,128,320,96,"GRBM_GUI_ACTIVE",1353198.000000,440249350497195,440249350565755
648,649,"Agent 2",1,613108,613108,65536,1499,"Cijk_Ailk_Bljk_BBS_BH_Bias_HA_S_SAV_UserArgs_MT192x256x64_MI16x16x1_CMS_SN_LDSB0_AFC0_AG0_AGGSUA0_AGNTAB0_AFEM1_AFEM1_ASEM1_CD1_1_CLR1_CLS0_CADS0_DTLA1_DTLB1_DTLM0_DTVA0_DTVB0_DTVMXSA0_DTVMXSB0_DTVSM0_DPLB0_EPS0_ELFLR0_EMLLn1_FDSI0_GRPM1_GRVWA8_GRVWB8_GSU0_GSUAMB_GLS0_HPLR0_ISA950_ICIW0_IU1_K1_LDSTI1_LBSPPA0_LBSPPB1024_LBSPPMXSA0_LBSPPMXSB0_LBSPPM0_LPA0_LPB16_LPMXSA0_LPMXSB0_LPM0_LRVW8_LWPMn1_MIAV0_MIWT6_8_MXLIBL_MXSFNS_MO40_MGRIPM1_NTn1_NTA0_NTB0_NTC0_NTD4_NTE0_NTMXSA0_NTMXSB0_NTM0_NTWS0_NVn1_NVA0_NVB0_NVC0_NVD0_NVE0_NVMXSA0_NVMXSB0_NVM0_NVWS0_NEPBS0_NLCA1_NLCB1_ONLL1_PAP0_PGL0_PGR2_PLR1_PKA1_SGROB0_SIA3_SS1_SPO0_SRVW0_SSO0_SVW1_SK5_SKFTR0_SKFDPO0_SKXCCM0_SNLL0_SIP1_SGRO1_TDMI0_TDMIM0_TDMS0_TIN0_THn1_THA0_THB0_THC0_THD0_THE0_THMXSA0_THMXSB0_THM0_THWS0_TLDS1_TLDSM1_ULSGRO0_USL1_USLMX0_UIOFGRO0_UPLRP0_USFGRO0_USI0_VSn1_VWA1_VWB8_WSGRA0_WSGRB0_WS64_WG32_8_1",256,123904,0,128,320,96,"SQ_BUSY_CYCLES",4668553.000000,440249350497195,440249350565755
648,649,"Agent 2",1,613108,613108,65536,1499,"Cijk_Ailk_Bljk_BBS_BH_Bias_HA_S_SAV_UserArgs_MT192x256x64_MI16x16x1_CMS_SN_LDSB0_AFC0_AG0_AGGSUA0_AGNTAB0_AFEM1_AFEM1_ASEM1_CD1_1_CLR1_CLS0_CADS0_DTLA1_DTLB1_DTLM0_DTVA0_DTVB0_DTVMXSA0_DTVMXSB0_DTVSM0_DPLB0_EPS0_ELFLR0_EMLLn1_FDSI0_GRPM1_GRVWA8_GRVWB8_GSU0_GSUAMB_GLS0_HPLR0_ISA950_ICIW0_IU1_K1_LDSTI1_LBSPPA0_LBSPPB1024_LBSPPMXSA0_LBSPPMXSB0_LBSPPM0_LPA0_LPB16_LPMXSA0_LPMXSB0_LPM0_LRVW8_LWPMn1_MIAV0_MIWT6_8_MXLIBL_MXSFNS_MO40_MGRIPM1_NTn1_NTA0_NTB0_NTC0_NTD4_NTE0_NTMXSA0_NTMXSB0_NTM0_NTWS0_NVn1_NVA0_NVB0_NVC0_NVD0_NVE0_NVMXSA0_NVMXSB0_NVM0_NVWS0_NEPBS0_NLCA1_NLCB1_ONLL1_PAP0_PGL0_PGR2_PLR1_PKA1_SGROB0_SIA3_SS1_SPO0_SRVW0_SSO0_SVW1_SK5_SKFTR0_SKFDPO0_SKXCCM0_SNLL0_SIP1_SGRO1_TDMI0_TDMIM0_TDMS0_TIN0_THn1_THA0_THB0_THC0_THD0_THE0_THMXSA0_THMXSB0_THM0_THWS0_TLDS1_TLDSM1_ULSGRO0_USL1_USLMX0_UIOFGRO0_UPLRP0_USFGRO0_USI0_VSn1_VWA1_VWB8_WSGRA0_WSGRB0_WS64_WG32_8_1",256,123904,0,128,320,96,"SQ_INSTS_VALU_MFMA_MOPS_BF16",201326592.000000,440249350497195,440249350565755
648,649,"Agent 2",1,613108,613108,65536,1499,"Cijk_Ailk_Bljk_BBS_BH_Bias_HA_S_SAV_UserArgs_MT192x256x64_MI16x16x1_CMS_SN_LDSB0_AFC0_AG0_AGGSUA0_AGNTAB0_AFEM1_AFEM1_ASEM1_CD1_1_CLR1_CLS0_CADS0_DTLA1_DTLB1_DTLM0_DTVA0_DTVB0_DTVMXSA0_DTVMXSB0_DTVSM0_DPLB0_EPS0_ELFLR0_EMLLn1_FDSI0_GRPM1_GRVWA8_GRVWB8_GSU0_GSUAMB_GLS0_HPLR0_ISA950_ICIW0_IU1_K1_LDSTI1_LBSPPA0_LBSPPB1024_LBSPPMXSA0_LBSPPMXSB0_LBSPPM0_LPA0_LPB16_LPMXSA0_LPMXSB0_LPM0_LRVW8_LWPMn1_MIAV0_MIWT6_8_MXLIBL_MXSFNS_MO40_MGRIPM1_NTn1_NTA0_NTB0_NTC0_NTD4_NTE0_NTMXSA0_NTMXSB0_NTM0_NTWS0_NVn1_NVA0_NVB0_NVC0_NVD0_NVE0_NVMXSA0_NVMXSB0_NVM0_NVWS0_NEPBS0_NLCA1_NLCB1_ONLL1_PAP0_PGL0_PGR2_PLR1_PKA1_SGROB0_SIA3_SS1_SPO0_SRVW0_SSO0_SVW1_SK5_SKFTR0_SKFDPO0_SKXCCM0_SNLL0_SIP1_SGRO1_TDMI0_TDMIM0_TDMS0_TIN0_THn1_THA0_THB0_THC0_THD0_THE0_THMXSA0_THMXSB0_THM0_THWS0_TLDS1_TLDSM1_ULSGRO0_USL1_USLMX0_UIOFGRO0_UPLRP0_USFGRO0_USI0_VSn1_VWA1_VWB8_WSGRA0_WSGRB0_WS64_WG32_8_1",256,123904,0,128,320,96,"SQ_WAVES",1024.000000,440249350497195,440249350565755
648,650,"Agent 2",1,613108,613108,131072,45,"input_transpose_fusion",256,8192,0,24,0,16,"GRBM_GUI_ACTIVE",197542.000000,440249350611476,440249350615476
648,650,"Agent 2",1,613108,613108,131072,45,"input_transpose_fusion",256,8192,0,24,0,16,"SQ_BUSY_CYCLES",214935.000000,440249350611476,440249350615476
648,650,"Agent 2",1,613108,613108,131072,45,"input_transpose_fusion",256,8192,0,24,0,16,"SQ_INSTS_VALU_MFMA_MOPS_BF16",0.00000000e+00,440249350611476,440249350615476
648,650,"Agent 2",1,613108,613108,131072,45,"input_transpose_fusion",256,8192,0,24,0,16,"SQ_WAVES",2048.000000,440249350611476,440249350615476
648,651,"Agent 2",1,613108,613108,131072,46,"input_transpose_fusion_1",256,8192,0,24,0,16,"GRBM_GUI_ACTIVE",197111.000000,440249350657036,440249350661316
648,651,"Agent 2",1,613108,613108,131072,46,"input_transpose_fusion_1",256,8192,0,24,0,16,"SQ_BUSY_CYCLES",235394.000000,440249350657036,440249350661316
648,651,"Agent 2",1,613108,613108,131072,46,"input_transpose_fusion_1",256,8192,0,24,0,16,"SQ_INSTS_VALU_MFMA_MOPS_BF16",0.00000000e+00,440249350657036,440249350661316
648,651,"Agent 2",1,613108,613108,131072,46,"input_transpose_fusion_1",256,8192,0,24,0,16,"SQ_WAVES",2048.000000,440249350657036,440249350661316
648,652,"Agent 2",1,613108,613108,2097152,47,"wrapped_slice",256,0,0,4,4,16,"GRBM_GUI_ACTIVE",322176.000000,440249350709756,440249350719557
648,652,"Agent 2",1,613108,613108,2097152,47,"wrapped_slice",256,0,0,4,4,16,"SQ_BUSY_CYCLES",539791.000000,440249350709756,440249350719557
648,652,"Agent 2",1,613108,613108,2097152,47,"wrapped_slice",256,0,0,4,4,16,"SQ_INSTS_VALU_MFMA_MOPS_BF16",0.00000000e+00,440249350709756,440249350719557
648,652,"Agent 2",1,613108,613108,2097152,47,"wrapped_slice",256,0,0,4,4,16,"SQ_WAVES",32768.000000,440249350709756,440249350719557
648,653,"Agent 2",1,613108,613108,2097152,48,"wrapped_broadcast",256,0,0,4,4,16,"GRBM_GUI_ACTIVE",242157.000000,440249350764157,440249350770637
648,653,"Agent 2",1,613108,613108,2097152,48,"wrapped_broadcast",256,0,0,4,4,16,"SQ_BUSY_CYCLES",318336.000000,440249350764157,440249350770637
648,653,"Agent 2",1,613108,613108,2097152,48,"wrapped_broadcast",256,0,0,4,4,16,"SQ_INSTS_VALU_MFMA_MOPS_BF16",0.00000000e+00,440249350764157,440249350770637
648,653,"Agent 2",1,613108,613108,2097152,48,"wrapped_broadcast",256,0,0,4,4,16,"SQ_WAVES",32768.000000,440249350764157,440249350770637
648,654,"Agent 2",1,613108,613108,2097152,48,"wrapped_broadcast",256,0,0,4,4,16,"GRBM_GUI_ACTIVE",231413.000000,440249350815997,440249350821997
648,654,"Agent 2",1,613108,613108,2097152,48,"wrapped_broadcast",256,0,0,4,4,16,"SQ_BUSY_CYCLES",270558.000000,440249350815997,440249350821997
648,654,"Agent 2",1,613108,613108,2097152,48,"wrapped_broadcast",256,0,0,4,4,16,"SQ_INSTS_VALU_MFMA_MOPS_BF16",0.00000000e+00,440249350815997,440249350821997
648,654,"Agent 2",1,613108,613108,2097152,48,"wrapped_broadcast",256,0,0,4,4,16,"SQ_WAVES",32768.000000,440249350815997,440249350821997
648,655,"Agent 2",1,613108,613108,131072,2548,"Cijk_Ailk_Bljk_BSS_BH_Bias_S_HA_S_SAV_UserArgs_MT256x128x32_MI16x16x1_SN_LDSB1_AFC0_AG0_AGGSUA0_AGNTAB0_AFEM1_AFEM1_ASEM1_CD1_1_CLR0_CLS0_CADS0_DTLA0_DTLB0_DTLM0_DTVA0_DTVB0_DTVMXSA0_DTVMXSB0_DTVSM0_DPLB0_EPS0_ELFLR0_EMLLn1_FDSI0_GRPM1_GRVWA8_GRVWB8_GSU0_GSUAMB_GLS0_HPLR0_ISA950_ICIW0_IU1_K1_LDSTI0_LBSPPA0_LBSPPB256_LBSPPMXSA0_LBSPPMXSB0_LBSPPM0_LPA0_LPB16_LPMXSA0_LPMXSB0_LPM0_LRVW8_LWPMn1_MIAV0_MIWT8_4_MXLIBL_MXSFNS_MO40_MGRIPM2_NTn1_NTA0_NTB0_NTC0_NTD0_NTE0_NTMXSA0_NTMXSB0_NTM0_NTWS0_NVn1_NVA0_NVB0_NVC0_NVD0_NVE0_NVMXSA0_NVMXSB0_NVM0_NVWS0_NEPBS0_NLCA1_NLCB1_ONLL1_PAP0_PGL0_PGR2_PLR0_PKA1_SGROB0_SIA3_SS1_SPO0_SRVW0_SSO0_SVW8_SK5_SKFTR0_SKFDPO0_SKXCCM0_SNLL0_SIP1_SGRO0_TDMI0_TDMIM0_TDMS0_TIN0_THn1_THA0_THB0_THC0_THD0_THE0_THMXSA0_THMXSB0_THM0_THWS0_TLDS1_TLDSM1_ULSGRO0_USL1_USLMX0_UIOFGRO0_UPLRP0_USFGRO0_USI0_VSn1_VWA8_VWB4_WSGRA0_WSGRB0_WS64_WG32_8_1",256,25600,0,128,128,96,"GRBM_GUI_ACTIVE",2593128.000000,440249350868438,440249350996279
648,655,"Agent 2",1,613108,613108,131072,2548,"Cijk_Ailk_Bljk_BSS_BH_Bias_S_HA_S_SAV_UserArgs_MT256x128x32_MI16x16x1_SN_LDSB1_AFC0_AG0_AGGSUA0_AGNTAB0_AFEM1_AFEM1_ASEM1_CD1_1_CLR0_CLS0_CADS0_DTLA0_DTLB0_DTLM0_DTVA0_DTVB0_DTVMXSA0_DTVMXSB0_DTVSM0_DPLB0_EPS0_ELFLR0_EMLLn1_FDSI0_GRPM1_GRVWA8_GRVWB8_GSU0_GSUAMB_GLS0_HPLR0_ISA950_ICIW0_IU1_K1_LDSTI0_LBSPPA0_LBSPPB256_LBSPPMXSA0_LBSPPMXSB0_LBSPPM0_LPA0_LPB16_LPMXSA0_LPMXSB0_LPM0_LRVW8_LWPMn1_MIAV0_MIWT8_4_MXLIBL_MXSFNS_MO40_MGRIPM2_NTn1_NTA0_NTB0_NTC0_NTD0_NTE0_NTMXSA0_NTMXSB0_NTM0_NTWS0_NVn1_NVA0_NVB0_NVC0_NVD0_NVE0_NVMXSA0_NVMXSB0_NVM0_NVWS0_NEPBS0_NLCA1_NLCB1_ONLL1_PAP0_PGL0_PGR2_PLR0_PKA1_SGROB0_SIA3_SS1_SPO0_SRVW0_SSO0_SVW8_SK5_SKFTR0_SKFDPO0_SKXCCM0_SNLL0_SIP1_SGRO0_TDMI0_TDMIM0_TDMS0_TIN0_THn1_THA0_THB0_THC0_THD0_THE0_THMXSA0_THMXSB0_THM0_THWS0_TLDS1_TLDSM1_ULSGRO0_USL1_USLMX0_UIOFGRO0_UPLRP0_USFGRO0_USI0_VSn1_VWA8_VWB4_WSGRA0_WSGRB0_WS64_WG32_8_1",256,25600,0,128,128,96,"SQ_BUSY_CYCLES",9491655.000000,440249350868438,440249350996279
648,655,"Agent 2",1,613108,613108,131072,2548,"Cijk_Ailk_Bljk_BSS_BH_Bias_S_HA_S_SAV_UserArgs_MT256x128x32_MI16x16x1_SN_LDSB1_AFC0_AG0_AGGSUA0_AGNTAB0_AFEM1_AFEM1_ASEM1_CD1_1_CLR0_CLS0_CADS0_DTLA0_DTLB0_DTLM0_DTVA0_DTVB0_DTVMXSA0_DTVMXSB0_DTVSM0_DPLB0_EPS0_ELFLR0_EMLLn1_FDSI0_GRPM1_GRVWA8_GRVWB8_GSU0_GSUAMB_GLS0_HPLR0_ISA950_ICIW0_IU1_K1_LDSTI0_LBSPPA0_LBSPPB256_LBSPPMXSA0_LBSPPMXSB0_LBSPPM0_LPA0_LPB16_LPMXSA0_LPMXSB0_LPM0_LRVW8_LWPMn1_MIAV0_MIWT8_4_MXLIBL_MXSFNS_MO40_MGRIPM2_NTn1_NTA0_NTB0_NTC0_NTD0_NTE0_NTMXSA0_NTMXSB0_NTM0_NTWS0_NVn1_NVA0_NVB0_NVC0_NVD0_NVE0_NVMXSA0_NVMXSB0_NVM0_NVWS0_NEPBS0_NLCA1_NLCB1_ONLL1_PAP0_PGL0_PGR2_PLR0_PKA1_SGROB0_SIA3_SS1_SPO0_SRVW0_SSO0_SVW8_SK5_SKFTR0_SKFDPO0_SKXCCM0_SNLL0_SIP1_SGRO0_TDMI0_TDMIM0_TDMS0_TIN0_THn1_THA0_THB0_THC0_THD0_THE0_THMXSA0_THMXSB0_THM0_THWS0_TLDS1_TLDSM1_ULSGRO0_USL1_USLMX0_UIOFGRO0_UPLRP0_USFGRO0_USI0_VSn1_VWA8_VWB4_WSGRA0_WSGRB0_WS64_WG32_8_1",256,25600,0,128,128,96,"SQ_INSTS_VALU_MFMA_MOPS_BF16",67108864.000000,440249350868438,440249350996279
648,655,"Agent 2",1,613108,613108,131072,2548,"Cijk_Ailk_Bljk_BSS_BH_Bias_S_HA_S_SAV_UserArgs_MT256x128x32_MI16x16x1_SN_LDSB1_AFC0_AG0_AGGSUA0_AGNTAB0_AFEM1_AFEM1_ASEM1_CD1_1_CLR0_CLS0_CADS0_DTLA0_DTLB0_DTLM0_DTVA0_DTVB0_DTVMXSA0_DTVMXSB0_DTVSM0_DPLB0_EPS0_ELFLR0_EMLLn1_FDSI0_GRPM1_GRVWA8_GRVWB8_GSU0_GSUAMB_GLS0_HPLR0_ISA950_ICIW0_IU1_K1_LDSTI0_LBSPPA0_LBSPPB256_LBSPPMXSA0_LBSPPMXSB0_LBSPPM0_LPA0_LPB16_LPMXSA0_LPMXSB0_LPM0_LRVW8_LWPMn1_MIAV0_MIWT8_4_MXLIBL_MXSFNS_MO40_MGRIPM2_NTn1_NTA0_NTB0_NTC0_NTD0_NTE0_NTMXSA0_NTMXSB0_NTM0_NTWS0_NVn1_NVA0_NVB0_NVC0_NVD0_NVE0_NVMXSA0_NVMXSB0_NVM0_NVWS0_NEPBS0_NLCA1_NLCB1_ONLL1_PAP0_PGL0_PGR2_PLR0_PKA1_SGROB0_SIA3_SS1_SPO0_SRVW0_SSO0_SVW8_SK5_SKFTR0_SKFDPO0_SKXCCM0_SNLL0_SIP1_SGRO0_TDMI0_TDMIM0_TDMS0_TIN0_THn1_THA0_THB0_THC0_THD0_THE0_THMXSA0_THMXSB0_THM0_THWS0_TLDS1_TLDSM1_ULSGRO0_USL1_USLMX0_UIOFGRO0_UPLRP0_USFGRO0_USI0_VSn1_VWA8_VWB4_WSGRA0_WSGRB0_WS64_WG32_8_1",256,25600,0,128,128,96,"SQ_WAVES",2048.000000,440249350868438,440249350996279
648,656,"Agent 2",1,613108,613108,2097152,49,"fusion_34",512,0,0,68,132,32,"GRBM_GUI_ACTIVE",7003543.000000,440249351044359,440249351406562
648,656,"Agent 2",1,613108,613108,2097152,49,"fusion_34",512,0,0,68,132,32,"SQ_BUSY_CYCLES",26478964.000000,440249351044359,440249351406562
648,656,"Agent 2",1,613108,613108,2097152,49,"fusion_34",512,0,0,68,132,32,"SQ_INSTS_VALU_MFMA_MOPS_BF16",0.00000000e+00,440249351044359,440249351406562
648,656,"Agent 2",1,613108,613108,2097152,49,"fusion_34",512,0,0,68,132,32,"SQ_WAVES",32768.000000,440249351044359,440249351406562
648,657,"Agent 2",1,613108,613108,65536,3210,"Cijk_Alik_Bljk_BBS_BH_Bias_HA_S_SAV_UserArgs_MT128x128x256_MI16x16x1_SN_LDSB1_AFC0_AG0_AGGSUA0_AGNTAB0_AFEM1_AFEM1_ASEM1_CD1_1_CLR0_CLS0_CADS0_DTLA0_DTLB0_DTLM0_DTVA0_DTVB0_DTVMXSA0_DTVMXSB0_DTVSM0_DPLB0_EPS0_ELFLR0_EMLLn1_FDSI0_GRPM1_GRVWA8_GRVWB8_GSU0_GSUAMB_GLS0_HPLR0_ISA950_ICIW0_IU1_K1_LDSTI0_LBSPPA2048_LBSPPB2048_LBSPPMXSA0_LBSPPMXSB0_LBSPPM0_LPA16_LPB16_LPMXSA0_LPMXSB0_LPM0_LRVW8_LWPMn1_MIAV0_MIWT4_4_MXLIBL_MXSFNS_MO40_MGRIPM1_NTn1_NTA4_NTB0_NTC1_NTD1_NTE0_NTMXSA0_NTMXSB0_NTM0_NTWS0_NVn1_NVA0_NVB0_NVC0_NVD0_NVE0_NVMXSA0_NVMXSB0_NVM0_NVWS0_NEPBS0_NLCA1_NLCB1_ONLL1_PAP0_PGL0_PGR2_PLR1_PKA1_SGROB0_SIA3_SS1_SPO1_SRVW0_SSO4_SVW4_SK5_SKFTR0_SKFDPO0_SKXCCM0_SNLL0_SIP1_SGRO0_TDMI0_TDMIM0_TDMS0_TIN0_THn1_THA0_THB0_THC0_THD0_THE0_THMXSA0_THMXSB0_THM0_THWS0_TLDS1_TLDSM1_ULSGRO0_USL1_USLMX0_UIOFGRO0_UPLRP0_USFGRO0_USI0_VSn1_VWA4_VWB4_WSGRA0_WSGRB0_WS64_WG32_8_1",256,133120,0,112,192,96,"GRBM_GUI_ACTIVE",1597208.000000,440249351452562,440249351530363
648,657,"Agent 2",1,613108,613108,65536,3210,"Cijk_Alik_Bljk_BBS_BH_Bias_HA_S_SAV_UserArgs_MT128x128x256_MI16x16x1_SN_LDSB1_AFC0_AG0_AGGSUA0_AGNTAB0_AFEM1_AFEM1_ASEM1_CD1_1_CLR0_CLS0_CADS0_DTLA0_DTLB0_DTLM0_DTVA0_DTVB0_DTVMXSA0_DTVMXSB0_DTVSM0_DPLB0_EPS0_ELFLR0_EMLLn1_FDSI0_GRPM1_GRVWA8_GRVWB8_GSU0_GSUAMB_GLS0_HPLR0_ISA950_ICIW0_IU1_K1_LDSTI0_LBSPPA2048_LBSPPB2048_LBSPPMXSA0_LBSPPMXSB0_LBSPPM0_LPA16_LPB16_LPMXSA0_LPMXSB0_LPM0_LRVW8_LWPMn1_MIAV0_MIWT4_4_MXLIBL_MXSFNS_MO40_MGRIPM1_NTn1_NTA4_NTB0_NTC1_NTD1_NTE0_NTMXSA0_NTMXSB0_NTM0_NTWS0_NVn1_NVA0_NVB0_NVC0_NVD0_NVE0_NVMXSA0_NVMXSB0_NVM0_NVWS0_NEPBS0_NLCA1_NLCB1_ONLL1_PAP0_PGL0_PGR2_PLR1_PKA1_SGROB0_SIA3_SS1_SPO1_SRVW0_SSO4_SVW4_SK5_SKFTR0_SKFDPO0_SKXCCM0_SNLL0_SIP1_SGRO0_TDMI0_TDMIM0_TDMS0_TIN0_THn1_THA0_THB0_THC0_THD0_THE0_THMXSA0_THMXSB0_THM0_THWS0_TLDS1_TLDSM1_ULSGRO0_USL1_USLMX0_UIOFGRO0_UPLRP0_USFGRO0_USI0_VSn1_VWA4_VWB4_WSGRA0_WSGRB0_WS64_WG32_8_1",256,133120,0,112,192,96,"SQ_BUSY_CYCLES",5455918.000000,440249351452562,440249351530363
648,657,"Agent 2",1,613108,613108,65536,3210,"Cijk_Alik_Bljk_BBS_BH_Bias_HA_S_SAV_UserArgs_MT128x128x256_MI16x16x1_SN_LDSB1_AFC0_AG0_AGGSUA0_AGNTAB0_AFEM1_AFEM1_ASEM1_CD1_1_CLR0_CLS0_CADS0_DTLA0_DTLB0_DTLM0_DTVA0_DTVB0_DTVMXSA0_DTVMXSB0_DTVSM0_DPLB0_EPS0_ELFLR0_EMLLn1_FDSI0_GRPM1_GRVWA8_GRVWB8_GSU0_GSUAMB_GLS0_HPLR0_ISA950_ICIW0_IU1_K1_LDSTI0_LBSPPA2048_LBSPPB2048_LBSPPMXSA0_LBSPPMXSB0_LBSPPM0_LPA16_LPB16_LPMXSA0_LPMXSB0_LPM0_LRVW8_LWPMn1_MIAV0_MIWT4_4_MXLIBL_MXSFNS_MO40_MGRIPM1_NTn1_NTA4_NTB0_NTC1_NTD1_NTE0_NTMXSA0_NTMXSB0_NTM0_NTWS0_NVn1_NVA0_NVB0_NVC0_NVD0_NVE0_NVMXSA0_NVMXSB0_NVM0_NVWS0_NEPBS0_NLCA1_NLCB1_ONLL1_PAP0_PGL0_PGR2_PLR1_PKA1_SGROB0_SIA3_SS1_SPO1_SRVW0_SSO4_SVW4_SK5_SKFTR0_SKFDPO0_SKXCCM0_SNLL0_SIP1_SGRO0_TDMI0_TDMIM0_TDMS0_TIN0_THn1_THA0_THB0_THC0_THD0_THE0_THMXSA0_THMXSB0_THM0_THWS0_TLDS1_TLDSM1_ULSGRO0_USL1_USLMX0_UIOFGRO0_UPLRP0_USFGRO0_USI0_VSn1_VWA4_VWB4_WSGRA0_WSGRB0_WS64_WG32_8_1",256,133120,0,112,192,96,"SQ_INSTS_VALU_MFMA_MOPS_BF16",67108864.000000,440249351452562,440249351530363
648,657,"Agent 2",1,613108,613108,65536,3210,"Cijk_Alik_Bljk_BBS_BH_Bias_HA_S_SAV_UserArgs_MT128x128x256_MI16x16x1_SN_LDSB1_AFC0_AG0_AGGSUA0_AGNTAB0_AFEM1_AFEM1_ASEM1_CD1_1_CLR0_CLS0_CADS0_DTLA0_DTLB0_DTLM0_DTVA0_DTVB0_DTVMXSA0_DTVMXSB0_DTVSM0_DPLB0_EPS0_ELFLR0_EMLLn1_FDSI0_GRPM1_GRVWA8_GRVWB8_GSU0_GSUAMB_GLS0_HPLR0_ISA950_ICIW0_IU1_K1_LDSTI0_LBSPPA2048_LBSPPB2048_LBSPPMXSA0_LBSPPMXSB0_LBSPPM0_LPA16_LPB16_LPMXSA0_LPMXSB0_LPM0_LRVW8_LWPMn1_MIAV0_MIWT4_4_MXLIBL_MXSFNS_MO40_MGRIPM1_NTn1_NTA4_NTB0_NTC1_NTD1_NTE0_NTMXSA0_NTMXSB0_NTM0_NTWS0_NVn1_NVA0_NVB0_NVC0_NVD0_NVE0_NVMXSA0_NVMXSB0_NVM0_NVWS0_NEPBS0_NLCA1_NLCB1_ONLL1_PAP0_PGL0_PGR2_PLR1_PKA1_SGROB0_SIA3_SS1_SPO1_SRVW0_SSO4_SVW4_SK5_SKFTR0_SKFDPO0_SKXCCM0_SNLL0_SIP1_SGRO0_TDMI0_TDMIM0_TDMS0_TIN0_THn1_THA0_THB0_THC0_THD0_THE0_THMXSA0_THMXSB0_THM0_THWS0_TLDS1_TLDSM1_ULSGRO0_USL1_USLMX0_UIOFGRO0_UPLRP0_USFGRO0_USI0_VSn1_VWA4_VWB4_WSGRA0_WSGRB0_WS64_WG32_8_1",256,133120,0,112,192,96,"SQ_WAVES",1024.000000,440249351452562,440249351530363
648,658,"Agent 2",1,613108,613108,65536,3845,"Cijk_Ailk_Bjlk_BBS_BH_Bias_HA_S_SAV_UserArgs_MT256x128x64_MI16x16x1_SN_LDSB0_AFC0_AG1_AGGSUA0_AGNTAB0_AFEM1_AFEM1_ASEM1_CD1_1_CLR1_CLS0_CADS0_DTLA1_DTLB1_DTLM0_DTVA0_DTVB0_DTVMXSA0_DTVMXSB0_DTVSM0_DPLB1_EPS0_ELFLR0_EMLLn1_FDSI0_GRPM1_GRVWA8_GRVWB8_GSU0_GSUAMB_GLS0_HPLR0_ISA950_ICIW0_IU1_K1_LDSTI0_LBSPPA0_LBSPPB0_LBSPPMXSA0_LBSPPMXSB0_LBSPPM0_LPA0_LPB0_LPMXSA0_LPMXSB0_LPM0_LRVW8_LWPMn1_MIAV0_MIWT4_8_MXLIBL_MXSFNS_MO40_MGRIPM1_NTn1_NTA0_NTB0_NTC0_NTD0_NTE0_NTMXSA0_NTMXSB0_NTM0_NTWS0_NVn1_NVA0_NVB0_NVC0_NVD0_NVE0_NVMXSA0_NVMXSB0_NVM0_NVWS0_NEPBS12_NLCA1_NLCB1_ONLL1_PAP0_PGL0_PGR2_PLR1_PKA1_SGROB1_SIA3_SS1_SPO0_SRVW0_SSO0_SVW4_SK5_SKFTR0_SKFDPO0_SKXCCM0_SNLL0_SIP1_SGRO0_TDMI0_TDMIM0_TDMS0_TIN1_THn1_THA0_THB0_THC0_THD0_THE0_THMXSA0_THMXSB0_THM0_THWS0_TLDS0_TLDSMn1_ULSGRO1_USL1_USLMX0_UIOFGRO0_UPLRP0_USFGRO0_USI0_VSn1_VWA4_VWB8_WSGRA0_WSGRB0_WS64_WG64_4_1",256,147456,0,40,256,112,"GRBM_GUI_ACTIVE",1203699.000000,440249351576843,440249351637444
648,658,"Agent 2",1,613108,613108,65536,3845,"Cijk_Ailk_Bjlk_BBS_BH_Bias_HA_S_SAV_UserArgs_MT256x128x64_MI16x16x1_SN_LDSB0_AFC0_AG1_AGGSUA0_AGNTAB0_AFEM1_AFEM1_ASEM1_CD1_1_CLR1_CLS0_CADS0_DTLA1_DTLB1_DTLM0_DTVA0_DTVB0_DTVMXSA0_DTVMXSB0_DTVSM0_DPLB1_EPS0_ELFLR0_EMLLn1_FDSI0_GRPM1_GRVWA8_GRVWB8_GSU0_GSUAMB_GLS0_HPLR0_ISA950_ICIW0_IU1_K1_LDSTI0_LBSPPA0_LBSPPB0_LBSPPMXSA0_LBSPPMXSB0_LBSPPM0_LPA0_LPB0_LPMXSA0_LPMXSB0_LPM0_LRVW8_LWPMn1_MIAV0_MIWT4_8_MXLIBL_MXSFNS_MO40_MGRIPM1_NTn1_NTA0_NTB0_NTC0_NTD0_NTE0_NTMXSA0_NTMXSB0_NTM0_NTWS0_NVn1_NVA0_NVB0_NVC0_NVD0_NVE0_NVMXSA0_NVMXSB0_NVM0_NVWS0_NEPBS12_NLCA1_NLCB1_ONLL1_PAP0_PGL0_PGR2_PLR1_PKA1_SGROB1_SIA3_SS1_SPO0_SRVW0_SSO0_SVW4_SK5_SKFTR0_SKFDPO0_SKXCCM0_SNLL0_SIP1_SGRO0_TDMI0_TDMIM0_TDMS0_TIN1_THn1_THA0_THB0_THC0_THD0_THE0_THMXSA0_THMXSB0_THM0_THWS0_TLDS0_TLDSMn1_ULSGRO1_USL1_USLMX0_UIOFGRO0_UPLRP0_USFGRO0_USI0_VSn1_VWA4_VWB8_WSGRA0_WSGRB0_WS64_WG64_4_1",256,147456,0,40,256,112,"SQ_BUSY_CYCLES",4132850.000000,440249351576843,440249351637444
648,658,"Agent 2",1,613108,613108,65536,3845,"Cijk_Ailk_Bjlk_BBS_BH_Bias_HA_S_SAV_UserArgs_MT256x128x64_MI16x16x1_SN_LDSB0_AFC0_AG1_AGGSUA0_AGNTAB0_AFEM1_AFEM1_ASEM1_CD1_1_CLR1_CLS0_CADS0_DTLA1_DTLB1_DTLM0_DTVA0_DTVB0_DTVMXSA0_DTVMXSB0_DTVSM0_DPLB1_EPS0_ELFLR0_EMLLn1_FDSI0_GRPM1_GRVWA8_GRVWB8_GSU0_GSUAMB_GLS0_HPLR0_ISA950_ICIW0_IU1_K1_LDSTI0_LBSPPA0_LBSPPB0_LBSPPMXSA0_LBSPPMXSB0_LBSPPM0_LPA0_LPB0_LPMXSA0_LPMXSB0_LPM0_LRVW8_LWPMn1_MIAV0_MIWT4_8_MXLIBL_MXSFNS_MO40_MGRIPM1_NTn1_NTA0_NTB0_NTC0_NTD0_NTE0_NTMXSA0_NTMXSB0_NTM0_NTWS0_NVn1_NVA0_NVB0_NVC0_NVD0_NVE0_NVMXSA0_NVMXSB0_NVM0_NVWS0_NEPBS12_NLCA1_NLCB1_ONLL1_PAP0_PGL0_PGR2_PLR1_PKA1_SGROB1_SIA3_SS1_SPO0_SRVW0_SSO0_SVW4_SK5_SKFTR0_SKFDPO0_SKXCCM0_SNLL0_SIP1_SGRO0_TDMI0_TDMIM0_TDMS0_TIN1_THn1_THA0_THB0_THC0_THD0_THE0_THMXSA0_THMXSB0_THM0_THWS0_TLDS0_TLDSMn1_ULSGRO1_USL1_USLMX0_UIOFGRO0_UPLRP0_USFGRO0_USI0_VSn1_VWA4_VWB8_WSGRA0_WSGRB0_WS64_WG64_4_1",256,147456,0,40,256,112,"SQ_INSTS_VALU_MFMA_MOPS_BF16",134217728.000000,440249351576843,440249351637444
648,658,"Agent 2",1,613108,613108,65536,3845,"Cijk_Ailk_Bjlk_BBS_BH_Bias_HA_S_SAV_UserArgs_MT256x128x64_MI16x16x1_SN_LDSB0_AFC0_AG1_AGGSUA0_AGNTAB0_AFEM1_AFEM1_ASEM1_CD1_1_CLR1_CLS0_CADS0_DTLA1_DTLB1_DTLM0_DTVA0_DTVB0_DTVMXSA0_DTVMXSB0_DTVSM0_DPLB1_EPS0_ELFLR0_EMLLn1_FDSI0_GRPM1_GRVWA8_GRVWB8_GSU0_GSUAMB_GLS0_HPLR0_ISA950_ICIW0_IU1_K1_LDSTI0_LBSPPA0_LBSPPB0_LBSPPMXSA0_LBSPPMXSB0_LBSPPM0_LPA0_LPB0_LPMXSA0_LPMXSB0_LPM0_LRVW8_LWPMn1_MIAV0_MIWT4_8_MXLIBL_MXSFNS_MO40_MGRIPM1_NTn1_NTA0_NTB0_NTC0_NTD0_NTE0_NTMXSA0_NTMXSB0_NTM0_NTWS0_NVn1_NVA0_NVB0_NVC0_NVD0_NVE0_NVMXSA0_NVMXSB0_NVM0_NVWS0_NEPBS12_NLCA1_NLCB1_ONLL1_PAP0_PGL0_PGR2_PLR1_PKA1_SGROB1_SIA3_SS1_SPO0_SRVW0_SSO0_SVW4_SK5_SKFTR0_SKFDPO0_SKXCCM0_SNLL0_SIP1_SGRO0_TDMI0_TDMIM0_TDMS0_TIN1_THn1_THA0_THB0_THC0_THD0_THE0_THMXSA0_THMXSB0_THM0_THWS0_TLDS0_TLDSMn1_ULSGRO1_USL1_USLMX0_UIOFGRO0_UPLRP0_USFGRO0_USI0_VSn1_VWA4_VWB8_WSGRA0_WSGRB0_WS64_WG64_4_1",256,147456,0,40,256,112,"SQ_WAVES",1024.000000,440249351576843,440249351637444
648,659,"Agent 2",1,613108,613108,524288,50,"input_reduce_fusion",256,512,0,20,4,16,"GRBM_GUI_ACTIVE",228764.000000,440249351684444,440249351689364
648,659,"Agent 2",1,613108,613108,524288,50,"input_reduce_fusion",256,512,0,20,4,16,"SQ_BUSY_CYCLES",297140.000000,440249351684444,440249351689364
648,659,"Agent 2",1,613108,613108,524288,50,"input_reduce_fusion",256,512,0,20,4,16,"SQ_INSTS_VALU_MFMA_MOPS_BF16",0.00000000e+00,440249351684444,440249351689364
648,659,"Agent 2",1,613108,613108,524288,50,"input_reduce_fusion",256,512,0,20,4,16,"SQ_WAVES",8192.000000,440249351684444,440249351689364
648,660,"Agent 2",1,613108,613108,2048,51,"loop_convert_fusion_4",256,0,0,8,0,16,"GRBM_GUI_ACTIVE",160768.000000,440249351735164,440249351737564
648,660,"Agent 2",1,613108,613108,2048,51,"loop_convert_fusion_4",256,0,0,8,0,16,"SQ_BUSY_CYCLES",31773.000000,440249351735164,440249351737564
648,660,"Agent 2",1,613108,613108,2048,51,"loop_convert_fusion_4",256,0,0,8,0,16,"SQ_INSTS_VALU_MFMA_MOPS_BF16",0.00000000e+00,440249351735164,440249351737564
648,660,"Agent 2",1,613108,613108,2048,51,"loop_convert_fusion_4",256,0,0,8,0,16,"SQ_WAVES",32.000000,440249351735164,440249351737564
648,661,"Agent 2",1,613108,613108,2097152,52,"loop_convert_fusion_2",256,0,0,8,0,16,"GRBM_GUI_ACTIVE",262837.000000,440249351783165,440249351789765
648,661,"Agent 2",1,613108,613108,2097152,52,"loop_convert_fusion_2",256,0,0,8,0,16,"SQ_BUSY_CYCLES",366972.000000,440249351783165,440249351789765
648,661,"Agent 2",1,613108,613108,2097152,52,"loop_convert_fusion_2",256,0,0,8,0,16,"SQ_INSTS_VALU_MFMA_MOPS_BF16",0.00000000e+00,440249351783165,440249351789765
648,661,"Agent 2",1,613108,613108,2097152,52,"loop_convert_fusion_2",256,0,0,8,0,16,"SQ_WAVES",32768.000000,440249351783165,440249351789765
648,662,"Agent 2",1,613108,613108,131072,12,"__amd_rocclr_copyBuffer",512,0,0,16,0,32,"GRBM_GUI_ACTIVE",259114.000000,440249351835685,440249351841685
648,662,"Agent 2",1,613108,613108,131072,12,"__amd_rocclr_copyBuffer",512,0,0,16,0,32,"SQ_BUSY_CYCLES",314862.000000,440249351835685,440249351841685
648,662,"Agent 2",1,613108,613108,131072,12,"__amd_rocclr_copyBuffer",512,0,0,16,0,32,"SQ_INSTS_VALU_MFMA_MOPS_BF16",0.00000000e+00,440249351835685,440249351841685
648,662,"Agent 2",1,613108,613108,131072,12,"__amd_rocclr_copyBuffer",512,0,0,16,0,32,"SQ_WAVES",2048.000000,440249351835685,440249351841685
648,663,"Agent 2",1,613108,613108,114688,2053,"Cijk_Ailk_Bljk_BBS_BH_Bias_HA_S_SAV_UserArgs_MT256x256x64_MI16x16x1_CMS_SN_LDSB0_AFC0_AG1_AGGSUA0_AGNTAB0_AFEM1_AFEM1_ASEM1_CD1_1_CLR1_CLS0_CADS0_DTLA1_DTLB1_DTLM0_DTVA0_DTVB0_DTVMXSA0_DTVMXSB0_DTVSM0_DPLB0_EPS0_ELFLR0_EMLLn1_FDSI0_GRPM1_GRVWA8_GRVWB8_GSU0_GSUAMB_GLS0_HPLR0_ISA950_ICIW0_IU1_K1_LDSTI0_LBSPPA0_LBSPPB1024_LBSPPMXSA0_LBSPPMXSB0_LBSPPM0_LPA0_LPB16_LPMXSA0_LPMXSB0_LPM0_LRVW8_LWPMn1_MIAV0_MIWT8_8_MXLIBL_MXSFNS_MO40_MGRIPM1_NTn1_NTA0_NTB0_NTC4_NTD0_NTE0_NTMXSA0_NTMXSB0_NTM0_NTWS0_NVn1_NVA0_NVB0_NVC0_NVD0_NVE0_NVMXSA0_NVMXSB0_NVM0_NVWS0_NEPBS16_NLCA1_NLCB1_ONLL1_PAP0_PGL0_PGR2_PLR1_PKA1_SGROB0_SIA3_SS1_SPO1_SRVW0_SSO0_SVW8_SK5_SKFTR0_SKFDPO0_SKXCCM0_SNLL0_SIP1_SGRO0_TDMI0_TDMIM0_TDMS0_TIN0_THn1_THA0_THB0_THC0_THD0_THE0_THMXSA0_THMXSB0_THM0_THWS0_TLDS1_TLDSM1_ULSGRO0_USL1_USLMX0_UIOFGRO0_UPLRP1_USFGRO0_USI0_VSn1_VWA8_VWB8_WSGRA0_WSGRB0_WS64_WG32_8_1",256,133120,0,112,384,112,"GRBM_GUI_ACTIVE",2884125.000000,440249351885926,440249352041247
648,663,"Agent 2",1,613108,613108,114688,2053,"Cijk_Ailk_Bljk_BBS_BH_Bias_HA_S_SAV_UserArgs_MT256x256x64_MI16x16x1_CMS_SN_LDSB0_AFC0_AG1_AGGSUA0_AGNTAB0_AFEM1_AFEM1_ASEM1_CD1_1_CLR1_CLS0_CADS0_DTLA1_DTLB1_DTLM0_DTVA0_DTVB0_DTVMXSA0_DTVMXSB0_DTVSM0_DPLB0_EPS0_ELFLR0_EMLLn1_FDSI0_GRPM1_GRVWA8_GRVWB8_GSU0_GSUAMB_GLS0_HPLR0_ISA950_ICIW0_IU1_K1_LDSTI0_LBSPPA0_LBSPPB1024_LBSPPMXSA0_LBSPPMXSB0_LBSPPM0_LPA0_LPB16_LPMXSA0_LPMXSB0_LPM0_LRVW8_LWPMn1_MIAV0_MIWT8_8_MXLIBL_MXSFNS_MO40_MGRIPM1_NTn1_NTA0_NTB0_NTC4_NTD0_NTE0_NTMXSA0_NTMXSB0_NTM0_NTWS0_NVn1_NVA0_NVB0_NVC0_NVD0_NVE0_NVMXSA0_NVMXSB0_NVM0_NVWS0_NEPBS16_NLCA1_NLCB1_ONLL1_PAP0_PGL0_PGR2_PLR1_PKA1_SGROB0_SIA3_SS1_SPO1_SRVW0_SSO0_SVW8_SK5_SKFTR0_SKFDPO0_SKXCCM0_SNLL0_SIP1_SGRO0_TDMI0_TDMIM0_TDMS0_TIN0_THn1_THA0_THB0_THC0_THD0_THE0_THMXSA0_THMXSB0_THM0_THWS0_TLDS1_TLDSM1_ULSGRO0_USL1_USLMX0_UIOFGRO0_UPLRP1_USFGRO0_USI0_VSn1_VWA8_VWB8_WSGRA0_WSGRB0_WS64_WG32_8_1",256,133120,0,112,384,112,"SQ_BUSY_CYCLES",10656407.000000,440249351885926,440249352041247
648,663,"Agent 2",1,613108,613108,114688,2053,"Cijk_Ailk_Bljk_BBS_BH_Bias_HA_S_SAV_UserArgs_MT256x256x64_MI16x16x1_CMS_SN_LDSB0_AFC0_AG1_AGGSUA0_AGNTAB0_AFEM1_AFEM1_ASEM1_CD1_1_CLR1_CLS0_CADS0_DTLA1_DTLB1_DTLM0_DTVA0_DTVB0_DTVMXSA0_DTVMXSB0_DTVSM0_DPLB0_EPS0_ELFLR0_EMLLn1_FDSI0_GRPM1_GRVWA8_GRVWB8_GSU0_GSUAMB_GLS0_HPLR0_ISA950_ICIW0_IU1_K1_LDSTI0_LBSPPA0_LBSPPB1024_LBSPPMXSA0_LBSPPMXSB0_LBSPPM0_LPA0_LPB16_LPMXSA0_LPMXSB0_LPM0_LRVW8_LWPMn1_MIAV0_MIWT8_8_MXLIBL_MXSFNS_MO40_MGRIPM1_NTn1_NTA0_NTB0_NTC4_NTD0_NTE0_NTMXSA0_NTMXSB0_NTM0_NTWS0_NVn1_NVA0_NVB0_NVC0_NVD0_NVE0_NVMXSA0_NVMXSB0_NVM0_NVWS0_NEPBS16_NLCA1_NLCB1_ONLL1_PAP0_PGL0_PGR2_PLR1_PKA1_SGROB0_SIA3_SS1_SPO1_SRVW0_SSO0_SVW8_SK5_SKFTR0_SKFDPO0_SKXCCM0_SNLL0_SIP1_SGRO0_TDMI0_TDMIM0_TDMS0_TIN0_THn1_THA0_THB0_THC0_THD0_THE0_THMXSA0_THMXSB0_THM0_THWS0_TLDS1_TLDSM1_ULSGRO0_USL1_USLMX0_UIOFGRO0_UPLRP1_USFGRO0_USI0_VSn1_VWA8_VWB8_WSGRA0_WSGRB0_WS64_WG32_8_1",256,133120,0,112,384,112,"SQ_INSTS_VALU_MFMA_MOPS_BF16",469762048.000000,440249351885926,440249352041247
648,663,"Agent 2",1,613108,613108,114688,2053,"Cijk_Ailk_Bljk_BBS_BH_Bias_HA_S_SAV_UserArgs_MT256x256x64_MI16x16x1_CMS_SN_LDSB0_AFC0_AG1_AGGSUA0_AGNTAB0_AFEM1_AFEM1_ASEM1_CD1_1_CLR1_CLS0_CADS0_DTLA1_DTLB1_DTLM0_DTVA0_DTVB0_DTVMXSA0_DTVMXSB0_DTVSM0_DPLB0_EPS0_ELFLR0_EMLLn1_FDSI0_GRPM1_GRVWA8_GRVWB8_GSU0_GSUAMB_GLS0_HPLR0_ISA950_ICIW0_IU1_K1_LDSTI0_LBSPPA0_LBSPPB1024_LBSPPMXSA0_LBSPPMXSB0_LBSPPM0_LPA0_LPB16_LPMXSA0_LPMXSB0_LPM0_LRVW8_LWPMn1_MIAV0_MIWT8_8_MXLIBL_MXSFNS_MO40_MGRIPM1_NTn1_NTA0_NTB0_NTC4_NTD0_NTE0_NTMXSA0_NTMXSB0_NTM0_NTWS0_NVn1_NVA0_NVB0_NVC0_NVD0_NVE0_NVMXSA0_NVMXSB0_NVM0_NVWS0_NEPBS16_NLCA1_NLCB1_ONLL1_PAP0_PGL0_PGR2_PLR1_PKA1_SGROB0_SIA3_SS1_SPO1_SRVW0_SSO0_SVW8_SK5_SKFTR0_SKFDPO0_SKXCCM0_SNLL0_SIP1_SGRO0_TDMI0_TDMIM0_TDMS0_TIN0_THn1_THA0_THB0_THC0_THD0_THE0_THMXSA0_THMXSB0_THM0_THWS0_TLDS1_TLDSM1_ULSGRO0_USL1_USLMX0_UIOFGRO0_UPLRP1_USFGRO0_USI0_VSn1_VWA8_VWB8_WSGRA0_WSGRB0_WS64_WG32_8_1",256,133120,0,112,384,112,"SQ_WAVES",1792.000000,440249351885926,440249352041247
648,664,"Agent 2",1,613108,613108,114688,2053,"Cijk_Ailk_Bljk_BBS_BH_Bias_HA_S_SAV_UserArgs_MT256x256x64_MI16x16x1_CMS_SN_LDSB0_AFC0_AG1_AGGSUA0_AGNTAB0_AFEM1_AFEM1_ASEM1_CD1_1_CLR1_CLS0_CADS0_DTLA1_DTLB1_DTLM0_DTVA0_DTVB0_DTVMXSA0_DTVMXSB0_DTVSM0_DPLB0_EPS0_ELFLR0_EMLLn1_FDSI0_GRPM1_GRVWA8_GRVWB8_GSU0_GSUAMB_GLS0_HPLR0_ISA950_ICIW0_IU1_K1_LDSTI0_LBSPPA0_LBSPPB1024_LBSPPMXSA0_LBSPPMXSB0_LBSPPM0_LPA0_LPB16_LPMXSA0_LPMXSB0_LPM0_LRVW8_LWPMn1_MIAV0_MIWT8_8_MXLIBL_MXSFNS_MO40_MGRIPM1_NTn1_NTA0_NTB0_NTC4_NTD0_NTE0_NTMXSA0_NTMXSB0_NTM0_NTWS0_NVn1_NVA0_NVB0_NVC0_NVD0_NVE0_NVMXSA0_NVMXSB0_NVM0_NVWS0_NEPBS16_NLCA1_NLCB1_ONLL1_PAP0_PGL0_PGR2_PLR1_PKA1_SGROB0_SIA3_SS1_SPO1_SRVW0_SSO0_SVW8_SK5_SKFTR0_SKFDPO0_SKXCCM0_SNLL0_SIP1_SGRO0_TDMI0_TDMIM0_TDMS0_TIN0_THn1_THA0_THB0_THC0_THD0_THE0_THMXSA0_THMXSB0_THM0_THWS0_TLDS1_TLDSM1_ULSGRO0_USL1_USLMX0_UIOFGRO0_UPLRP1_USFGRO0_USI0_VSn1_VWA8_VWB8_WSGRA0_WSGRB0_WS64_WG32_8_1",256,133120,0,112,384,112,"GRBM_GUI_ACTIVE",2918462.000000,440249352085967,440249352241968
648,664,"Agent 2",1,613108,613108,114688,2053,"Cijk_Ailk_Bljk_BBS_BH_Bias_HA_S_SAV_UserArgs_MT256x256x64_MI16x16x1_CMS_SN_LDSB0_AFC0_AG1_AGGSUA0_AGNTAB0_AFEM1_AFEM1_ASEM1_CD1_1_CLR1_CLS0_CADS0_DTLA1_DTLB1_DTLM0_DTVA0_DTVB0_DTVMXSA0_DTVMXSB0_DTVSM0_DPLB0_EPS0_ELFLR0_EMLLn1_FDSI0_GRPM1_GRVWA8_GRVWB8_GSU0_GSUAMB_GLS0_HPLR0_ISA950_ICIW0_IU1_K1_LDSTI0_LBSPPA0_LBSPPB1024_LBSPPMXSA0_LBSPPMXSB0_LBSPPM0_LPA0_LPB16_LPMXSA0_LPMXSB0_LPM0_LRVW8_LWPMn1_MIAV0_MIWT8_8_MXLIBL_MXSFNS_MO40_MGRIPM1_NTn1_NTA0_NTB0_NTC4_NTD0_NTE0_NTMXSA0_NTMXSB0_NTM0_NTWS0_NVn1_NVA0_NVB0_NVC0_NVD0_NVE0_NVMXSA0_NVMXSB0_NVM0_NVWS0_NEPBS16_NLCA1_NLCB1_ONLL1_PAP0_PGL0_PGR2_PLR1_PKA1_SGROB0_SIA3_SS1_SPO1_SRVW0_SSO0_SVW8_SK5_SKFTR0_SKFDPO0_SKXCCM0_SNLL0_SIP1_SGRO0_TDMI0_TDMIM0_TDMS0_TIN0_THn1_THA0_THB0_THC0_THD0_THE0_THMXSA0_THMXSB0_THM0_THWS0_TLDS1_TLDSM1_ULSGRO0_USL1_USLMX0_UIOFGRO0_UPLRP1_USFGRO0_USI0_VSn1_VWA8_VWB8_WSGRA0_WSGRB0_WS64_WG32_8_1",256,133120,0,112,384,112,"SQ_BUSY_CYCLES",10794469.000000,440249352085967,440249352241968
648,664,"Agent 2",1,613108,613108,114688,2053,"Cijk_Ailk_Bljk_BBS_BH_Bias_HA_S_SAV_UserArgs_MT256x256x64_MI16x16x1_CMS_SN_LDSB0_AFC0_AG1_AGGSUA0_AGNTAB0_AFEM1_AFEM1_ASEM1_CD1_1_CLR1_CLS0_CADS0_DTLA1_DTLB1_DTLM0_DTVA0_DTVB0_DTVMXSA0_DTVMXSB0_DTVSM0_DPLB0_EPS0_ELFLR0_EMLLn1_FDSI0_GRPM1_GRVWA8_GRVWB8_GSU0_GSUAMB_GLS0_HPLR0_ISA950_ICIW0_IU1_K1_LDSTI0_LBSPPA0_LBSPPB1024_LBSPPMXSA0_LBSPPMXSB0_LBSPPM0_LPA0_LPB16_LPMXSA0_LPMXSB0_LPM0_LRVW8_LWPMn1_MIAV0_MIWT8_8_MXLIBL_MXSFNS_MO40_MGRIPM1_NTn1_NTA0_NTB0_NTC4_NTD0_NTE0_NTMXSA0_NTMXSB0_NTM0_NTWS0_NVn1_NVA0_NVB0_NVC0_NVD0_NVE0_NVMXSA0_NVMXSB0_NVM0_NVWS0_NEPBS16_NLCA1_NLCB1_ONLL1_PAP0_PGL0_PGR2_PLR1_PKA1_SGROB0_SIA3_SS1_SPO1_SRVW0_SSO0_SVW8_SK5_SKFTR0_SKFDPO0_SKXCCM0_SNLL0_SIP1_SGRO0_TDMI0_TDMIM0_TDMS0_TIN0_THn1_THA0_THB0_THC0_THD0_THE0_THMXSA0_THMXSB0_THM0_THWS0_TLDS1_TLDSM1_ULSGRO0_USL1_USLMX0_UIOFGRO0_UPLRP1_USFGRO0_USI0_VSn1_VWA8_VWB8_WSGRA0_WSGRB0_WS64_WG32_8_1",256,133120,0,112,384,112,"SQ_INSTS_VALU_MFMA_MOPS_BF16",469762048.000000,440249352085967,440249352241968
648,664,"Agent 2",1,613108,613108,114688,2053,"Cijk_Ailk_Bljk_BBS_BH_Bias_HA_S_SAV_UserArgs_MT256x256x64_MI16x16x1_CMS_SN_LDSB0_AFC0_AG1_AGGSUA0_AGNTAB0_AFEM1_AFEM1_ASEM1_CD1_1_CLR1_CLS0_CADS0_DTLA1_DTLB1_DTLM0_DTVA0_DTVB0_DTVMXSA0_DTVMXSB0_DTVSM0_DPLB0_EPS0_ELFLR0_EMLLn1_FDSI0_GRPM1_GRVWA8_GRVWB8_GSU0_GSUAMB_GLS0_HPLR0_ISA950_ICIW0_IU1_K1_LDSTI0_LBSPPA0_LBSPPB1024_LBSPPMXSA0_LBSPPMXSB0_LBSPPM0_LPA0_LPB16_LPMXSA0_LPMXSB0_LPM0_LRVW8_LWPMn1_MIAV0_MIWT8_8_MXLIBL_MXSFNS_MO40_MGRIPM1_NTn1_NTA0_NTB0_NTC4_NTD0_NTE0_NTMXSA0_NTMXSB0_NTM0_NTWS0_NVn1_NVA0_NVB0_NVC0_NVD0_NVE0_NVMXSA0_NVMXSB0_NVM0_NVWS0_NEPBS16_NLCA1_NLCB1_ONLL1_PAP0_PGL0_PGR2_PLR1_PKA1_SGROB0_SIA3_SS1_SPO1_SRVW0_SSO0_SVW8_SK5_SKFTR0_SKFDPO0_SKXCCM0_SNLL0_SIP1_SGRO0_TDMI0_TDMIM0_TDMS0_TIN0_THn1_THA0_THB0_THC0_THD0_THE0_THMXSA0_THMXSB0_THM0_THWS0_TLDS1_TLDSM1_ULSGRO0_USL1_USLMX0_UIOFGRO0_UPLRP1_USFGRO0_USI0_VSn1_VWA8_VWB8_WSGRA0_WSGRB0_WS64_WG32_8_1",256,133120,0,112,384,112,"SQ_WAVES",1792.000000,440249352085967,440249352241968
648,665,"Agent 2",1,613108,613108,7340032,53,"loop_convert_fusion_1",256,0,0,32,0,32,"GRBM_GUI_ACTIVE",694611.000000,440249352291169,440249352320889
648,665,"Agent 2",1,613108,613108,7340032,53,"loop_convert_fusion_1",256,0,0,32,0,32,"SQ_BUSY_CYCLES",2068712.000000,440249352291169,440249352320889
648,665,"Agent 2",1,613108,613108,7340032,53,"loop_convert_fusion_1",256,0,0,32,0,32,"SQ_INSTS_VALU_MFMA_MOPS_BF16",0.00000000e+00,440249352291169,440249352320889
648,665,"Agent 2",1,613108,613108,7340032,53,"loop_convert_fusion_1",256,0,0,32,0,32,"SQ_WAVES",114688.000000,440249352291169,440249352320889
648,666,"Agent 2",1,613108,613108,32768,2053,"Cijk_Ailk_Bljk_BBS_BH_Bias_HA_S_SAV_UserArgs_MT256x256x64_MI16x16x1_CMS_SN_LDSB0_AFC0_AG1_AGGSUA0_AGNTAB0_AFEM1_AFEM1_ASEM1_CD1_1_CLR1_CLS0_CADS0_DTLA1_DTLB1_DTLM0_DTVA0_DTVB0_DTVMXSA0_DTVMXSB0_DTVSM0_DPLB0_EPS0_ELFLR0_EMLLn1_FDSI0_GRPM1_GRVWA8_GRVWB8_GSU0_GSUAMB_GLS0_HPLR0_ISA950_ICIW0_IU1_K1_LDSTI0_LBSPPA0_LBSPPB1024_LBSPPMXSA0_LBSPPMXSB0_LBSPPM0_LPA0_LPB16_LPMXSA0_LPMXSB0_LPM0_LRVW8_LWPMn1_MIAV0_MIWT8_8_MXLIBL_MXSFNS_MO40_MGRIPM1_NTn1_NTA0_NTB0_NTC4_NTD0_NTE0_NTMXSA0_NTMXSB0_NTM0_NTWS0_NVn1_NVA0_NVB0_NVC0_NVD0_NVE0_NVMXSA0_NVMXSB0_NVM0_NVWS0_NEPBS16_NLCA1_NLCB1_ONLL1_PAP0_PGL0_PGR2_PLR1_PKA1_SGROB0_SIA3_SS1_SPO1_SRVW0_SSO0_SVW8_SK5_SKFTR0_SKFDPO0_SKXCCM0_SNLL0_SIP1_SGRO0_TDMI0_TDMIM0_TDMS0_TIN0_THn1_THA0_THB0_THC0_THD0_THE0_THMXSA0_THMXSB0_THM0_THWS0_TLDS1_TLDSM1_ULSGRO0_USL1_USLMX0_UIOFGRO0_UPLRP1_USFGRO0_USI0_VSn1_VWA8_VWB8_WSGRA0_WSGRB0_WS64_WG32_8_1",256,133120,0,112,384,112,"GRBM_GUI_ACTIVE",4635693.000000,440249352365969,440249352604731
648,666,"Agent 2",1,613108,613108,32768,2053,"Cijk_Ailk_Bljk_BBS_BH_Bias_HA_S_SAV_UserArgs_MT256x256x64_MI16x16x1_CMS_SN_LDSB0_AFC0_AG1_AGGSUA0_AGNTAB0_AFEM1_AFEM1_ASEM1_CD1_1_CLR1_CLS0_CADS0_DTLA1_DTLB1_DTLM0_DTVA0_DTVB0_DTVMXSA0_DTVMXSB0_DTVSM0_DPLB0_EPS0_ELFLR0_EMLLn1_FDSI0_GRPM1_GRVWA8_GRVWB8_GSU0_GSUAMB_GLS0_HPLR0_ISA950_ICIW0_IU1_K1_LDSTI0_LBSPPA0_LBSPPB1024_LBSPPMXSA0_LBSPPMXSB0_LBSPPM0_LPA0_LPB16_LPMXSA0_LPMXSB0_LPM0_LRVW8_LWPMn1_MIAV0_MIWT8_8_MXLIBL_MXSFNS_MO40_MGRIPM1_NTn1_NTA0_NTB0_NTC4_NTD0_NTE0_NTMXSA0_NTMXSB0_NTM0_NTWS0_NVn1_NVA0_NVB0_NVC0_NVD0_NVE0_NVMXSA0_NVMXSB0_NVM0_NVWS0_NEPBS16_NLCA1_NLCB1_ONLL1_PAP0_PGL0_PGR2_PLR1_PKA1_SGROB0_SIA3_SS1_SPO1_SRVW0_SSO0_SVW8_SK5_SKFTR0_SKFDPO0_SKXCCM0_SNLL0_SIP1_SGRO0_TDMI0_TDMIM0_TDMS0_TIN0_THn1_THA0_THB0_THC0_THD0_THE0_THMXSA0_THMXSB0_THM0_THWS0_TLDS1_TLDSM1_ULSGRO0_USL1_USLMX0_UIOFGRO0_UPLRP1_USFGRO0_USI0_VSn1_VWA8_VWB8_WSGRA0_WSGRB0_WS64_WG32_8_1",256,133120,0,112,384,112,"SQ_BUSY_CYCLES",17682414.000000,440249352365969,440249352604731
648,666,"Agent 2",1,613108,613108,32768,2053,"Cijk_Ailk_Bljk_BBS_BH_Bias_HA_S_SAV_UserArgs_MT256x256x64_MI16x16x1_CMS_SN_LDSB0_AFC0_AG1_AGGSUA0_AGNTAB0_AFEM1_AFEM1_ASEM1_CD1_1_CLR1_CLS0_CADS0_DTLA1_DTLB1_DTLM0_DTVA0_DTVB0_DTVMXSA0_DTVMXSB0_DTVSM0_DPLB0_EPS0_ELFLR0_EMLLn1_FDSI0_GRPM1_GRVWA8_GRVWB8_GSU0_GSUAMB_GLS0_HPLR0_ISA950_ICIW0_IU1_K1_LDSTI0_LBSPPA0_LBSPPB1024_LBSPPMXSA0_LBSPPMXSB0_LBSPPM0_LPA0_LPB16_LPMXSA0_LPMXSB0_LPM0_LRVW8_LWPMn1_MIAV0_MIWT8_8_MXLIBL_MXSFNS_MO40_MGRIPM1_NTn1_NTA0_NTB0_NTC4_NTD0_NTE0_NTMXSA0_NTMXSB0_NTM0_NTWS0_NVn1_NVA0_NVB0_NVC0_NVD0_NVE0_NVMXSA0_NVMXSB0_NVM0_NVWS0_NEPBS16_NLCA1_NLCB1_ONLL1_PAP0_PGL0_PGR2_PLR1_PKA1_SGROB0_SIA3_SS1_SPO1_SRVW0_SSO0_SVW8_SK5_SKFTR0_SKFDPO0_SKXCCM0_SNLL0_SIP1_SGRO0_TDMI0_TDMIM0_TDMS0_TIN0_THn1_THA0_THB0_THC0_THD0_THE0_THMXSA0_THMXSB0_THM0_THWS0_TLDS1_TLDSM1_ULSGRO0_USL1_USLMX0_UIOFGRO0_UPLRP1_USFGRO0_USI0_VSn1_VWA8_VWB8_WSGRA0_WSGRB0_WS64_WG32_8_1",256,133120,0,112,384,112,"SQ_INSTS_VALU_MFMA_MOPS_BF16",469762048.000000,440249352365969,440249352604731
648,666,"Agent 2",1,613108,613108,32768,2053,"Cijk_Ailk_Bljk_BBS_BH_Bias_HA_S_SAV_UserArgs_MT256x256x64_MI16x16x1_CMS_SN_LDSB0_AFC0_AG1_AGGSUA0_AGNTAB0_AFEM1_AFEM1_ASEM1_CD1_1_CLR1_CLS0_CADS0_DTLA1_DTLB1_DTLM0_DTVA0_DTVB0_DTVMXSA0_DTVMXSB0_DTVSM0_DPLB0_EPS0_ELFLR0_EMLLn1_FDSI0_GRPM1_GRVWA8_GRVWB8_GSU0_GSUAMB_GLS0_HPLR0_ISA950_ICIW0_IU1_K1_LDSTI0_LBSPPA0_LBSPPB1024_LBSPPMXSA0_LBSPPMXSB0_LBSPPM0_LPA0_LPB16_LPMXSA0_LPMXSB0_LPM0_LRVW8_LWPMn1_MIAV0_MIWT8_8_MXLIBL_MXSFNS_MO40_MGRIPM1_NTn1_NTA0_NTB0_NTC4_NTD0_NTE0_NTMXSA0_NTMXSB0_NTM0_NTWS0_NVn1_NVA0_NVB0_NVC0_NVD0_NVE0_NVMXSA0_NVMXSB0_NVM0_NVWS0_NEPBS16_NLCA1_NLCB1_ONLL1_PAP0_PGL0_PGR2_PLR1_PKA1_SGROB0_SIA3_SS1_SPO1_SRVW0_SSO0_SVW8_SK5_SKFTR0_SKFDPO0_SKXCCM0_SNLL0_SIP1_SGRO0_TDMI0_TDMIM0_TDMS0_TIN0_THn1_THA0_THB0_THC0_THD0_THE0_THMXSA0_THMXSB0_THM0_THWS0_TLDS1_TLDSM1_ULSGRO0_USL1_USLMX0_UIOFGRO0_UPLRP1_USFGRO0_USI0_VSn1_VWA8_VWB8_WSGRA0_WSGRB0_WS64_WG32_8_1",256,133120,0,112,384,112,"SQ_WAVES",512.000000,440249352365969,440249352604731
648,667,"Agent 2",1,613108,613108,2097152,54,"loop_convert_fusion_3",256,0,0,8,0,16,"GRBM_GUI_ACTIVE",314110.000000,440249352654052,440249352663252
648,667,"Agent 2",1,613108,613108,2097152,54,"loop_convert_fusion_3",256,0,0,8,0,16,"SQ_BUSY_CYCLES",468137.000000,440249352654052,440249352663252
648,667,"Agent 2",1,613108,613108,2097152,54,"loop_convert_fusion_3",256,0,0,8,0,16,"SQ_INSTS_VALU_MFMA_MOPS_BF16",0.00000000e+00,440249352654052,440249352663252
648,667,"Agent 2",1,613108,613108,2097152,54,"loop_convert_fusion_3",256,0,0,8,0,16,"SQ_WAVES",32768.000000,440249352654052,440249352663252
648,668,"Agent 2",1,613108,613108,229376,3971,"Cijk_Ailk_Bjlk_BBS_BH_Bias_HA_S_SAV_UserArgs_MT256x256x64_MI16x16x1_CMS_SN_LDSB0_AFC0_AG0_AGGSUA0_AGNTAB0_AFEM1_AFEM1_ASEM1_CD1_1_CLR1_CLS0_CADS0_DTLA1_DTLB1_DTLM0_DTVA0_DTVB0_DTVMXSA0_DTVMXSB0_DTVSM0_DPLB0_EPS0_ELFLR0_EMLLn1_FDSI0_GRPM1_GRVWA8_GRVWB8_GSU0_GSUAMB_GLS0_HPLR0_ISA950_ICIW0_IU1_K1_LDSTI0_LBSPPA0_LBSPPB0_LBSPPMXSA0_LBSPPMXSB0_LBSPPM0_LPA0_LPB0_LPMXSA0_LPMXSB0_LPM0_LRVW8_LWPMn1_MIAV0_MIWT8_8_MXLIBL_MXSFNS_MO40_MGRIPM1_NTn1_NTA0_NTB0_NTC0_NTD4_NTE0_NTMXSA0_NTMXSB0_NTM0_NTWS0_NVn1_NVA0_NVB0_NVC0_NVD0_NVE0_NVMXSA0_NVMXSB0_NVM0_NVWS0_NEPBS0_NLCA1_NLCB1_ONLL1_PAP0_PGL0_PGR2_PLR1_PKA1_SGROB0_SIA3_SS1_SPO0_SRVW0_SSO0_SVW8_SK5_SKFTR0_SKFDPO0_SKXCCM0_SNLL0_SIP1_SGRO0_TDMI0_TDMIM0_TDMS0_TIN0_THn1_THA0_THB0_THC0_THD0_THE0_THMXSA0_THMXSB0_THM0_THWS0_TLDS0_TLDSM1_ULSGRO0_USL1_USLMX0_UIOFGRO0_UPLRP1_USFGRO0_USI0_VSn1_VWA8_VWB8_WSGRA0_WSGRB0_WS64_WG32_8_1",256,131072,0,120,384,112,"GRBM_GUI_ACTIVE",3076944.000000,440249352710692,440249352871453
648,668,"Agent 2",1,613108,613108,229376,3971,"Cijk_Ailk_Bjlk_BBS_BH_Bias_HA_S_SAV_UserArgs_MT256x256x64_MI16x16x1_CMS_SN_LDSB0_AFC0_AG0_AGGSUA0_AGNTAB0_AFEM1_AFEM1_ASEM1_CD1_1_CLR1_CLS0_CADS0_DTLA1_DTLB1_DTLM0_DTVA0_DTVB0_DTVMXSA0_DTVMXSB0_DTVSM0_DPLB0_EPS0_ELFLR0_EMLLn1_FDSI0_GRPM1_GRVWA8_GRVWB8_GSU0_GSUAMB_GLS0_HPLR0_ISA950_ICIW0_IU1_K1_LDSTI0_LBSPPA0_LBSPPB0_LBSPPMXSA0_LBSPPMXSB0_LBSPPM0_LPA0_LPB0_LPMXSA0_LPMXSB0_LPM0_LRVW8_LWPMn1_MIAV0_MIWT8_8_MXLIBL_MXSFNS_MO40_MGRIPM1_NTn1_NTA0_NTB0_NTC0_NTD4_NTE0_NTMXSA0_NTMXSB0_NTM0_NTWS0_NVn1_NVA0_NVB0_NVC0_NVD0_NVE0_NVMXSA0_NVMXSB0_NVM0_NVWS0_NEPBS0_NLCA1_NLCB1_ONLL1_PAP0_PGL0_PGR2_PLR1_PKA1_SGROB0_SIA3_SS1_SPO0_SRVW0_SSO0_SVW8_SK5_SKFTR0_SKFDPO0_SKXCCM0_SNLL0_SIP1_SGRO0_TDMI0_TDMIM0_TDMS0_TIN0_THn1_THA0_THB0_THC0_THD0_THE0_THMXSA0_THMXSB0_THM0_THWS0_TLDS0_TLDSM1_ULSGRO0_USL1_USLMX0_UIOFGRO0_UPLRP1_USFGRO0_USI0_VSn1_VWA8_VWB8_WSGRA0_WSGRB0_WS64_WG32_8_1",256,131072,0,120,384,112,"SQ_BUSY_CYCLES",11569704.000000,440249352710692,440249352871453
648,668,"Agent 2",1,613108,613108,229376,3971,"Cijk_Ailk_Bjlk_BBS_BH_Bias_HA_S_SAV_UserArgs_MT256x256x64_MI16x16x1_CMS_SN_LDSB0_AFC0_AG0_AGGSUA0_AGNTAB0_AFEM1_AFEM1_ASEM1_CD1_1_CLR1_CLS0_CADS0_DTLA1_DTLB1_DTLM0_DTVA0_DTVB0_DTVMXSA0_DTVMXSB0_DTVSM0_DPLB0_EPS0_ELFLR0_EMLLn1_FDSI0_GRPM1_GRVWA8_GRVWB8_GSU0_GSUAMB_GLS0_HPLR0_ISA950_ICIW0_IU1_K1_LDSTI0_LBSPPA0_LBSPPB0_LBSPPMXSA0_LBSPPMXSB0_LBSPPM0_LPA0_LPB0_LPMXSA0_LPMXSB0_LPM0_LRVW8_LWPMn1_MIAV0_MIWT8_8_MXLIBL_MXSFNS_MO40_MGRIPM1_NTn1_NTA0_NTB0_NTC0_NTD4_NTE0_NTMXSA0_NTMXSB0_NTM0_NTWS0_NVn1_NVA0_NVB0_NVC0_NVD0_NVE0_NVMXSA0_NVMXSB0_NVM0_NVWS0_NEPBS0_NLCA1_NLCB1_ONLL1_PAP0_PGL0_PGR2_PLR1_PKA1_SGROB0_SIA3_SS1_SPO0_SRVW0_SSO0_SVW8_SK5_SKFTR0_SKFDPO0_SKXCCM0_SNLL0_SIP1_SGRO0_TDMI0_TDMIM0_TDMS0_TIN0_THn1_THA0_THB0_THC0_THD0_THE0_THMXSA0_THMXSB0_THM0_THWS0_TLDS0_TLDSM1_ULSGRO0_USL1_USLMX0_UIOFGRO0_UPLRP1_USFGRO0_USI0_VSn1_VWA8_VWB8_WSGRA0_WSGRB0_WS64_WG32_8_1",256,131072,0,120,384,112,"SQ_INSTS_VALU_MFMA_MOPS_BF16",469762048.000000,440249352710692,440249352871453
648,668,"Agent 2",1,613108,613108,229376,3971,"Cijk_Ailk_Bjlk_BBS_BH_Bias_HA_S_SAV_UserArgs_MT256x256x64_MI16x16x1_CMS_SN_LDSB0_AFC0_AG0_AGGSUA0_AGNTAB0_AFEM1_AFEM1_ASEM1_CD1_1_CLR1_CLS0_CADS0_DTLA1_DTLB1_DTLM0_DTVA0_DTVB0_DTVMXSA0_DTVMXSB0_DTVSM0_DPLB0_EPS0_ELFLR0_EMLLn1_FDSI0_GRPM1_GRVWA8_GRVWB8_GSU0_GSUAMB_GLS0_HPLR0_ISA950_ICIW0_IU1_K1_LDSTI0_LBSPPA0_LBSPPB0_LBSPPMXSA0_LBSPPMXSB0_LBSPPM0_LPA0_LPB0_LPMXSA0_LPMXSB0_LPM0_LRVW8_LWPMn1_MIAV0_MIWT8_8_MXLIBL_MXSFNS_MO40_MGRIPM1_NTn1_NTA0_NTB0_NTC0_NTD4_NTE0_NTMXSA0_NTMXSB0_NTM0_NTWS0_NVn1_NVA0_NVB0_NVC0_NVD0_NVE0_NVMXSA0_NVMXSB0_NVM0_NVWS0_NEPBS0_NLCA1_NLCB1_ONLL1_PAP0_PGL0_PGR2_PLR1_PKA1_SGROB0_SIA3_SS1_SPO0_SRVW0_SSO0_SVW8_SK5_SKFTR0_SKFDPO0_SKXCCM0_SNLL0_SIP1_SGRO0_TDMI0_TDMIM0_TDMS0_TIN0_THn1_THA0_THB0_THC0_THD0_THE0_THMXSA0_THMXSB0_THM0_THWS0_TLDS0_TLDSM1_ULSGRO0_USL1_USLMX0_UIOFGRO0_UPLRP1_USFGRO0_USI0_VSn1_VWA8_VWB8_WSGRA0_WSGRB0_WS64_WG32_8_1",256,131072,0,120,384,112,"SQ_WAVES",3584.000000,440249352710692,440249352871453
648,669,"Agent 2",1,613108,613108,65536,3424,"Cijk_Alik_Bljk_BBS_BH_Bias_HA_S_SAV_UserArgs_MT224x256x64_MI16x16x1_SN_LDSB1_AFC0_AG0_AGGSUA0_AGNTAB0_AFEM1_AFEM1_ASEM1_CD1_1_CLR1_CLS0_CADS0_DTLA0_DTLB0_DTLM0_DTVA0_DTVB0_DTVMXSA0_DTVMXSB0_DTVSM0_DPLB0_EPS0_ELFLR0_EMLLn1_FDSI0_GRPM1_GRVWA8_GRVWB8_GSU0_GSUAMB_GLS0_HPLR0_ISA950_ICIW0_IU1_K1_LDSTI0_LBSPPA128_LBSPPB1024_LBSPPMXSA0_LBSPPMXSB0_LBSPPM0_LPA16_LPB16_LPMXSA0_LPMXSB0_LPM0_LRVW8_LWPMn1_MIAV0_MIWT7_8_MXLIBL_MXSFNS_MO40_MGRIPM1_NTn1_NTA0_NTB0_NTC0_NTD0_NTE0_NTMXSA0_NTMXSB0_NTM0_NTWS0_NVn1_NVA0_NVB0_NVC0_NVD0_NVE0_NVMXSA0_NVMXSB0_NVM0_NVWS0_NEPBS0_NLCA1_NLCB1_ONLL1_PAP0_PGL0_PGR2_PLR1_PKA1_SGROB0_SIA3_SS1_SPO0_SRVW0_SSO0_SVW1_SK5_SKFTR0_SKFDPO0_SKXCCM0_SNLL0_SIP1_SGRO0_TDMI0_TDMIM0_TDMS0_TIN0_THn1_THA0_THB0_THC0_THD0_THE0_THMXSA0_THMXSB0_THM0_THWS0_TLDS1_TLDSM1_ULSGRO0_USL1_USLMX0_UIOFGRO0_UPLRP0_USFGRO0_USI0_VSn1_VWA1_VWB8_WSGRA0_WSGRB0_WS64_WG32_8_1",256,69632,0,128,352,96,"GRBM_GUI_ACTIVE",2771744.000000,440249352920534,440249353068535
648,669,"Agent 2",1,613108,613108,65536,3424,"Cijk_Alik_Bljk_BBS_BH_Bias_HA_S_SAV_UserArgs_MT224x256x64_MI16x16x1_SN_LDSB1_AFC0_AG0_AGGSUA0_AGNTAB0_AFEM1_AFEM1_ASEM1_CD1_1_CLR1_CLS0_CADS0_DTLA0_DTLB0_DTLM0_DTVA0_DTVB0_DTVMXSA0_DTVMXSB0_DTVSM0_DPLB0_EPS0_ELFLR0_EMLLn1_FDSI0_GRPM1_GRVWA8_GRVWB8_GSU0_GSUAMB_GLS0_HPLR0_ISA950_ICIW0_IU1_K1_LDSTI0_LBSPPA128_LBSPPB1024_LBSPPMXSA0_LBSPPMXSB0_LBSPPM0_LPA16_LPB16_LPMXSA0_LPMXSB0_LPM0_LRVW8_LWPMn1_MIAV0_MIWT7_8_MXLIBL_MXSFNS_MO40_MGRIPM1_NTn1_NTA0_NTB0_NTC0_NTD0_NTE0_NTMXSA0_NTMXSB0_NTM0_NTWS0_NVn1_NVA0_NVB0_NVC0_NVD0_NVE0_NVMXSA0_NVMXSB0_NVM0_NVWS0_NEPBS0_NLCA1_NLCB1_ONLL1_PAP0_PGL0_PGR2_PLR1_PKA1_SGROB0_SIA3_SS1_SPO0_SRVW0_SSO0_SVW1_SK5_SKFTR0_SKFDPO0_SKXCCM0_SNLL0_SIP1_SGRO0_TDMI0_TDMIM0_TDMS0_TIN0_THn1_THA0_THB0_THC0_THD0_THE0_THMXSA0_THMXSB0_THM0_THWS0_TLDS1_TLDSM1_ULSGRO0_USL1_USLMX0_UIOFGRO0_UPLRP0_USFGRO0_USI0_VSn1_VWA1_VWB8_WSGRA0_WSGRB0_WS64_WG32_8_1",256,69632,0,128,352,96,"SQ_BUSY_CYCLES",10177972.000000,440249352920534,440249353068535
648,669,"Agent 2",1,613108,613108,65536,3424,"Cijk_Alik_Bljk_BBS_BH_Bias_HA_S_SAV_UserArgs_MT224x256x64_MI16x16x1_SN_LDSB1_AFC0_AG0_AGGSUA0_AGNTAB0_AFEM1_AFEM1_ASEM1_CD1_1_CLR1_CLS0_CADS0_DTLA0_DTLB0_DTLM0_DTVA0_DTVB0_DTVMXSA0_DTVMXSB0_DTVSM0_DPLB0_EPS0_ELFLR0_EMLLn1_FDSI0_GRPM1_GRVWA8_GRVWB8_GSU0_GSUAMB_GLS0_HPLR0_ISA950_ICIW0_IU1_K1_LDSTI0_LBSPPA128_LBSPPB1024_LBSPPMXSA0_LBSPPMXSB0_LBSPPM0_LPA16_LPB16_LPMXSA0_LPMXSB0_LPM0_LRVW8_LWPMn1_MIAV0_MIWT7_8_MXLIBL_MXSFNS_MO40_MGRIPM1_NTn1_NTA0_NTB0_NTC0_NTD0_NTE0_NTMXSA0_NTMXSB0_NTM0_NTWS0_NVn1_NVA0_NVB0_NVC0_NVD0_NVE0_NVMXSA0_NVMXSB0_NVM0_NVWS0_NEPBS0_NLCA1_NLCB1_ONLL1_PAP0_PGL0_PGR2_PLR1_PKA1_SGROB0_SIA3_SS1_SPO0_SRVW0_SSO0_SVW1_SK5_SKFTR0_SKFDPO0_SKXCCM0_SNLL0_SIP1_SGRO0_TDMI0_TDMIM0_TDMS0_TIN0_THn1_THA0_THB0_THC0_THD0_THE0_THMXSA0_THMXSB0_THM0_THWS0_TLDS1_TLDSM1_ULSGRO0_USL1_USLMX0_UIOFGRO0_UPLRP0_USFGRO0_USI0_VSn1_VWA1_VWB8_WSGRA0_WSGRB0_WS64_WG32_8_1",256,69632,0,128,352,96,"SQ_INSTS_VALU_MFMA_MOPS_BF16",469762048.000000,440249352920534,440249353068535
648,669,"Agent 2",1,613108,613108,65536,3424,"Cijk_Alik_Bljk_BBS_BH_Bias_HA_S_SAV_UserArgs_MT224x256x64_MI16x16x1_SN_LDSB1_AFC0_AG0_AGGSUA0_AGNTAB0_AFEM1_AFEM1_ASEM1_CD1_1_CLR1_CLS0_CADS0_DTLA0_DTLB0_DTLM0_DTVA0_DTVB0_DTVMXSA0_DTVMXSB0_DTVSM0_DPLB0_EPS0_ELFLR0_EMLLn1_FDSI0_GRPM1_GRVWA8_GRVWB8_GSU0_GSUAMB_GLS0_HPLR0_ISA950_ICIW0_IU1_K1_LDSTI0_LBSPPA128_LBSPPB1024_LBSPPMXSA0_LBSPPMXSB0_LBSPPM0_LPA16_LPB16_LPMXSA0_LPMXSB0_LPM0_LRVW8_LWPMn1_MIAV0_MIWT7_8_MXLIBL_MXSFNS_MO40_MGRIPM1_NTn1_NTA0_NTB0_NTC0_NTD0_NTE0_NTMXSA0_NTMXSB0_NTM0_NTWS0_NVn1_NVA0_NVB0_NVC0_NVD0_NVE0_NVMXSA0_NVMXSB0_NVM0_NVWS0_NEPBS0_NLCA1_NLCB1_ONLL1_PAP0_PGL0_PGR2_PLR1_PKA1_SGROB0_SIA3_SS1_SPO0_SRVW0_SSO0_SVW1_SK5_SKFTR0_SKFDPO0_SKXCCM0_SNLL0_SIP1_SGRO0_TDMI0_TDMIM0_TDMS0_TIN0_THn1_THA0_THB0_THC0_THD0_THE0_THMXSA0_THMXSB0_THM0_THWS0_TLDS1_TLDSM1_ULSGRO0_USL1_USLMX0_UIOFGRO0_UPLRP0_USFGRO0_USI0_VSn1_VWA1_VWB8_WSGRA0_WSGRB0_WS64_WG32_8_1",256,69632,0,128,352,96,"SQ_WAVES",1024.000000,440249352920534,440249353068535
648,670,"Agent 2",1,613108,613108,7340032,55,"loop_convert_fusion",256,0,0,32,0,32,"GRBM_GUI_ACTIVE",920565.000000,440249353118455,440249353160336
648,670,"Agent 2",1,613108,613108,7340032,55,"loop_convert_fusion",256,0,0,32,0,32,"SQ_BUSY_CYCLES",2863648.000000,440249353118455,440249353160336
648,670,"Agent 2",1,613108,613108,7340032,55,"loop_convert_fusion",256,0,0,32,0,32,"SQ_INSTS_VALU_MFMA_MOPS_BF16",0.00000000e+00,440249353118455,440249353160336
648,670,"Agent 2",1,613108,613108,7340032,55,"loop_convert_fusion",256,0,0,32,0,32,"SQ_WAVES",114688.000000,440249353118455,440249353160336
648,671,"Agent 2",1,613108,613108,32768,3038,"Cijk_Alik_Bljk_BBS_BH_Bias_HA_S_SAV_UserArgs_MT256x256x64_MI16x16x1_CMS_SN_LDSB0_AFC0_AG1_AGGSUA0_AGNTAB0_AFEM1_AFEM1_ASEM1_CD1_1_CLR0_CLS0_CADS0_DTLA1_DTLB1_DTLM0_DTVA0_DTVB0_DTVMXSA0_DTVMXSB0_DTVSM0_DPLB0_EPS0_ELFLR0_EMLLn1_FDSI0_GRPM1_GRVWA8_GRVWB8_GSU0_GSUAMB_GLS0_HPLR0_ISA950_ICIW0_IU1_K1_LDSTI0_LBSPPA1024_LBSPPB1024_LBSPPMXSA0_LBSPPMXSB0_LBSPPM0_LPA16_LPB16_LPMXSA0_LPMXSB0_LPM0_LRVW8_LWPMn1_MIAV0_MIWT8_8_MXLIBL_MXSFNS_MO40_MGRIPM1_NTn1_NTA0_NTB0_NTC4_NTD4_NTE0_NTMXSA0_NTMXSB0_NTM0_NTWS0_NVn1_NVA0_NVB0_NVC0_NVD0_NVE0_NVMXSA0_NVMXSB0_NVM0_NVWS0_NEPBS0_NLCA1_NLCB1_ONLL1_PAP0_PGL0_PGR2_PLR1_PKA1_SGROB0_SIA3_SS1_SPO0_SRVW0_SSO4_SVW8_SK5_SKFTR0_SKFDPO0_SKXCCM0_SNLL0_SIP1_SGRO0_TDMI0_TDMIM0_TDMS0_TIN0_THn1_THA0_THB0_THC0_THD0_THE0_THMXSA0_THMXSB0_THM0_THWS0_TLDS1_TLDSM1_ULSGRO0_USL1_USLMX0_UIOFGRO0_UPLRP0_USFGRO0_USI0_VSn1_VWA8_VWB8_WSGRA0_WSGRB0_WS64_WG32_8_1",256,135168,0,120,384,96,"GRBM_GUI_ACTIVE",4770770.000000,440249353207376,440249353450978
648,671,"Agent 2",1,613108,613108,32768,3038,"Cijk_Alik_Bljk_BBS_BH_Bias_HA_S_SAV_UserArgs_MT256x256x64_MI16x16x1_CMS_SN_LDSB0_AFC0_AG1_AGGSUA0_AGNTAB0_AFEM1_AFEM1_ASEM1_CD1_1_CLR0_CLS0_CADS0_DTLA1_DTLB1_DTLM0_DTVA0_DTVB0_DTVMXSA0_DTVMXSB0_DTVSM0_DPLB0_EPS0_ELFLR0_EMLLn1_FDSI0_GRPM1_GRVWA8_GRVWB8_GSU0_GSUAMB_GLS0_HPLR0_ISA950_ICIW0_IU1_K1_LDSTI0_LBSPPA1024_LBSPPB1024_LBSPPMXSA0_LBSPPMXSB0_LBSPPM0_LPA16_LPB16_LPMXSA0_LPMXSB0_LPM0_LRVW8_LWPMn1_MIAV0_MIWT8_8_MXLIBL_MXSFNS_MO40_MGRIPM1_NTn1_NTA0_NTB0_NTC4_NTD4_NTE0_NTMXSA0_NTMXSB0_NTM0_NTWS0_NVn1_NVA0_NVB0_NVC0_NVD0_NVE0_NVMXSA0_NVMXSB0_NVM0_NVWS0_NEPBS0_NLCA1_NLCB1_ONLL1_PAP0_PGL0_PGR2_PLR1_PKA1_SGROB0_SIA3_SS1_SPO0_SRVW0_SSO4_SVW8_SK5_SKFTR0_SKFDPO0_SKXCCM0_SNLL0_SIP1_SGRO0_TDMI0_TDMIM0_TDMS0_TIN0_THn1_THA0_THB0_THC0_THD0_THE0_THMXSA0_THMXSB0_THM0_THWS0_TLDS1_TLDSM1_ULSGRO0_USL1_USLMX0_UIOFGRO0_UPLRP0_USFGRO0_USI0_VSn1_VWA8_VWB8_WSGRA0_WSGRB0_WS64_WG32_8_1",256,135168,0,120,384,96,"SQ_BUSY_CYCLES",18517775.000000,440249353207376,440249353450978
648,671,"Agent 2",1,613108,613108,32768,3038,"Cijk_Alik_Bljk_BBS_BH_Bias_HA_S_SAV_UserArgs_MT256x256x64_MI16x16x1_CMS_SN_LDSB0_AFC0_AG1_AGGSUA0_AGNTAB0_AFEM1_AFEM1_ASEM1_CD1_1_CLR0_CLS0_CADS0_DTLA1_DTLB1_DTLM0_DTVA0_DTVB0_DTVMXSA0_DTVMXSB0_DTVSM0_DPLB0_EPS0_ELFLR0_EMLLn1_FDSI0_GRPM1_GRVWA8_GRVWB8_GSU0_GSUAMB_GLS0_HPLR0_ISA950_ICIW0_IU1_K1_LDSTI0_LBSPPA1024_LBSPPB1024_LBSPPMXSA0_LBSPPMXSB0_LBSPPM0_LPA16_LPB16_LPMXSA0_LPMXSB0_LPM0_LRVW8_LWPMn1_MIAV0_MIWT8_8_MXLIBL_MXSFNS_MO40_MGRIPM1_NTn1_NTA0_NTB0_NTC4_NTD4_NTE0_NTMXSA0_NTMXSB0_NTM0_NTWS0_NVn1_NVA0_NVB0_NVC0_NVD0_NVE0_NVMXSA0_NVMXSB0_NVM0_NVWS0_NEPBS0_NLCA1_NLCB1_ONLL1_PAP0_PGL0_PGR2_PLR1_PKA1_SGROB0_SIA3_SS1_SPO0_SRVW0_SSO4_SVW8_SK5_SKFTR0_SKFDPO0_SKXCCM0_SNLL0_SIP1_SGRO0_TDMI0_TDMIM0_TDMS0_TIN0_THn1_THA0_THB0_THC0_THD0_THE0_THMXSA0_THMXSB0_THM0_THWS0_TLDS1_TLDSM1_ULSGRO0_USL1_USLMX0_UIOFGRO0_UPLRP0_USFGRO0_USI0_VSn1_VWA8_VWB8_WSGRA0_WSGRB0_WS64_WG32_8_1",256,135168,0,120,384,96,"SQ_INSTS_VALU_MFMA_MOPS_BF16",469762048.000000,440249353207376,440249353450978
648,671,"Agent 2",1,613108,613108,32768,3038,"Cijk_Alik_Bljk_BBS_BH_Bias_HA_S_SAV_UserArgs_MT256x256x64_MI16x16x1_CMS_SN_LDSB0_AFC0_AG1_AGGSUA0_AGNTAB0_AFEM1_AFEM1_ASEM1_CD1_1_CLR0_CLS0_CADS0_DTLA1_DTLB1_DTLM0_DTVA0_DTVB0_DTVMXSA0_DTVMXSB0_DTVSM0_DPLB0_EPS0_ELFLR0_EMLLn1_FDSI0_GRPM1_GRVWA8_GRVWB8_GSU0_GSUAMB_GLS0_HPLR0_ISA950_ICIW0_IU1_K1_LDSTI0_LBSPPA1024_LBSPPB1024_LBSPPMXSA0_LBSPPMXSB0_LBSPPM0_LPA16_LPB16_LPMXSA0_LPMXSB0_LPM0_LRVW8_LWPMn1_MIAV0_MIWT8_8_MXLIBL_MXSFNS_MO40_MGRIPM1_NTn1_NTA0_NTB0_NTC4_NTD4_NTE0_NTMXSA0_NTMXSB0_NTM0_NTWS0_NVn1_NVA0_NVB0_NVC0_NVD0_NVE0_NVMXSA0_NVMXSB0_NVM0_NVWS0_NEPBS0_NLCA1_NLCB1_ONLL1_PAP0_PGL0_PGR2_PLR1_PKA1_SGROB0_SIA3_SS1_SPO0_SRVW0_SSO4_SVW8_SK5_SKFTR0_SKFDPO0_SKXCCM0_SNLL0_SIP1_SGRO0_TDMI0_TDMIM0_TDMS0_TIN0_THn1_THA0_THB0_THC0_THD0_THE0_THMXSA0_THMXSB0_THM0_THWS0_TLDS1_TLDSM1_ULSGRO0_USL1_USLMX0_UIOFGRO0_UPLRP0_USFGRO0_USI0_VSn1_VWA8_VWB8_WSGRA0_WSGRB0_WS64_WG32_8_1",256,135168,0,120,384,96,"SQ_WAVES",512.000000,440249353207376,440249353450978
648,672,"Agent 2",1,613108,613108,32768,3038,"Cijk_Alik_Bljk_BBS_BH_Bias_HA_S_SAV_UserArgs_MT256x256x64_MI16x16x1_CMS_SN_LDSB0_AFC0_AG1_AGGSUA0_AGNTAB0_AFEM1_AFEM1_ASEM1_CD1_1_CLR0_CLS0_CADS0_DTLA1_DTLB1_DTLM0_DTVA0_DTVB0_DTVMXSA0_DTVMXSB0_DTVSM0_DPLB0_EPS0_ELFLR0_EMLLn1_FDSI0_GRPM1_GRVWA8_GRVWB8_GSU0_GSUAMB_GLS0_HPLR0_ISA950_ICIW0_IU1_K1_LDSTI0_LBSPPA1024_LBSPPB1024_LBSPPMXSA0_LBSPPMXSB0_LBSPPM0_LPA16_LPB16_LPMXSA0_LPMXSB0_LPM0_LRVW8_LWPMn1_MIAV0_MIWT8_8_MXLIBL_MXSFNS_MO40_MGRIPM1_NTn1_NTA0_NTB0_NTC4_NTD4_NTE0_NTMXSA0_NTMXSB0_NTM0_NTWS0_NVn1_NVA0_NVB0_NVC0_NVD0_NVE0_NVMXSA0_NVMXSB0_NVM0_NVWS0_NEPBS0_NLCA1_NLCB1_ONLL1_PAP0_PGL0_PGR2_PLR1_PKA1_SGROB0_SIA3_SS1_SPO0_SRVW0_SSO4_SVW8_SK5_SKFTR0_SKFDPO0_SKXCCM0_SNLL0_SIP1_SGRO0_TDMI0_TDMIM0_TDMS0_TIN0_THn1_THA0_THB0_THC0_THD0_THE0_THMXSA0_THMXSB0_THM0_THWS0_TLDS1_TLDSM1_ULSGRO0_USL1_USLMX0_UIOFGRO0_UPLRP0_USFGRO0_USI0_VSn1_VWA8_VWB8_WSGRA0_WSGRB0_WS64_WG32_8_1",256,135168,0,120,384,96,"GRBM_GUI_ACTIVE",4922711.000000,440249353499578,440249353749980
648,672,"Agent 2",1,613108,613108,32768,3038,"Cijk_Alik_Bljk_BBS_BH_Bias_HA_S_SAV_UserArgs_MT256x256x64_MI16x16x1_CMS_SN_LDSB0_AFC0_AG1_AGGSUA0_AGNTAB0_AFEM1_AFEM1_ASEM1_CD1_1_CLR0_CLS0_CADS0_DTLA1_DTLB1_DTLM0_DTVA0_DTVB0_DTVMXSA0_DTVMXSB0_DTVSM0_DPLB0_EPS0_ELFLR0_EMLLn1_FDSI0_GRPM1_GRVWA8_GRVWB8_GSU0_GSUAMB_GLS0_HPLR0_ISA950_ICIW0_IU1_K1_LDSTI0_LBSPPA1024_LBSPPB1024_LBSPPMXSA0_LBSPPMXSB0_LBSPPM0_LPA16_LPB16_LPMXSA0_LPMXSB0_LPM0_LRVW8_LWPMn1_MIAV0_MIWT8_8_MXLIBL_MXSFNS_MO40_MGRIPM1_NTn1_NTA0_NTB0_NTC4_NTD4_NTE0_NTMXSA0_NTMXSB0_NTM0_NTWS0_NVn1_NVA0_NVB0_NVC0_NVD0_NVE0_NVMXSA0_NVMXSB0_NVM0_NVWS0_NEPBS0_NLCA1_NLCB1_ONLL1_PAP0_PGL0_PGR2_PLR1_PKA1_SGROB0_SIA3_SS1_SPO0_SRVW0_SSO4_SVW8_SK5_SKFTR0_SKFDPO0_SKXCCM0_SNLL0_SIP1_SGRO0_TDMI0_TDMIM0_TDMS0_TIN0_THn1_THA0_THB0_THC0_THD0_THE0_THMXSA0_THMXSB0_THM0_THWS0_TLDS1_TLDSM1_ULSGRO0_USL1_USLMX0_UIOFGRO0_UPLRP0_USFGRO0_USI0_VSn1_VWA8_VWB8_WSGRA0_WSGRB0_WS64_WG32_8_1",256,135168,0,120,384,96,"SQ_BUSY_CYCLES",19026183.000000,440249353499578,440249353749980
648,672,"Agent 2",1,613108,613108,32768,3038,"Cijk_Alik_Bljk_BBS_BH_Bias_HA_S_SAV_UserArgs_MT256x256x64_MI16x16x1_CMS_SN_LDSB0_AFC0_AG1_AGGSUA0_AGNTAB0_AFEM1_AFEM1_ASEM1_CD1_1_CLR0_CLS0_CADS0_DTLA1_DTLB1_DTLM0_DTVA0_DTVB0_DTVMXSA0_DTVMXSB0_DTVSM0_DPLB0_EPS0_ELFLR0_EMLLn1_FDSI0_GRPM1_GRVWA8_GRVWB8_GSU0_GSUAMB_GLS0_HPLR0_ISA950_ICIW0_IU1_K1_LDSTI0_LBSPPA1024_LBSPPB1024_LBSPPMXSA0_LBSPPMXSB0_LBSPPM0_LPA16_LPB16_LPMXSA0_LPMXSB0_LPM0_LRVW8_LWPMn1_MIAV0_MIWT8_8_MXLIBL_MXSFNS_MO40_MGRIPM1_NTn1_NTA0_NTB0_NTC4_NTD4_NTE0_NTMXSA0_NTMXSB0_NTM0_NTWS0_NVn1_NVA0_NVB0_NVC0_NVD0_NVE0_NVMXSA0_NVMXSB0_NVM0_NVWS0_NEPBS0_NLCA1_NLCB1_ONLL1_PAP0_PGL0_PGR2_PLR1_PKA1_SGROB0_SIA3_SS1_SPO0_SRVW0_SSO4_SVW8_SK5_SKFTR0_SKFDPO0_SKXCCM0_SNLL0_SIP1_SGRO0_TDMI0_TDMIM0_TDMS0_TIN0_THn1_THA0_THB0_THC0_THD0_THE0_THMXSA0_THMXSB0_THM0_THWS0_TLDS1_TLDSM1_ULSGRO0_USL1_USLMX0_UIOFGRO0_UPLRP0_USFGRO0_USI0_VSn1_VWA8_VWB8_WSGRA0_WSGRB0_WS64_WG32_8_1",256,135168,0,120,384,96,"SQ_INSTS_VALU_MFMA_MOPS_BF16",469762048.000000,440249353499578,440249353749980
648,672,"Agent 2",1,613108,613108,32768,3038,"Cijk_Alik_Bljk_BBS_BH_Bias_HA_S_SAV_UserArgs_MT256x256x64_MI16x16x1_CMS_SN_LDSB0_AFC0_AG1_AGGSUA0_AGNTAB0_AFEM1_AFEM1_ASEM1_CD1_1_CLR0_CLS0_CADS0_DTLA1_DTLB1_DTLM0_DTVA0_DTVB0_DTVMXSA0_DTVMXSB0_DTVSM0_DPLB0_EPS0_ELFLR0_EMLLn1_FDSI0_GRPM1_GRVWA8_GRVWB8_GSU0_GSUAMB_GLS0_HPLR0_ISA950_ICIW0_IU1_K1_LDSTI0_LBSPPA1024_LBSPPB1024_LBSPPMXSA0_LBSPPMXSB0_LBSPPM0_LPA16_LPB16_LPMXSA0_LPMXSB0_LPM0_LRVW8_LWPMn1_MIAV0_MIWT8_8_MXLIBL_MXSFNS_MO40_MGRIPM1_NTn1_NTA0_NTB0_NTC4_NTD4_NTE0_NTMXSA0_NTMXSB0_NTM0_NTWS0_NVn1_NVA0_NVB0_NVC0_NVD0_NVE0_NVMXSA0_NVMXSB0_NVM0_NVWS0_NEPBS0_NLCA1_NLCB1_ONLL1_PAP0_PGL0_PGR2_PLR1_PKA1_SGROB0_SIA3_SS1_SPO0_SRVW0_SSO4_SVW8_SK5_SKFTR0_SKFDPO0_SKXCCM0_SNLL0_SIP1_SGRO0_TDMI0_TDMIM0_TDMS0_TIN0_THn1_THA0_THB0_THC0_THD0_THE0_THMXSA0_THMXSB0_THM0_THWS0_TLDS1_TLDSM1_ULSGRO0_USL1_USLMX0_UIOFGRO0_UPLRP0_USFGRO0_USI0_VSn1_VWA8_VWB8_WSGRA0_WSGRB0_WS64_WG32_8_1",256,135168,0,120,384,96,"SQ_WAVES",512.000000,440249353499578,440249353749980
648,673,"Agent 2",1,613108,613108,524288,56,"input_reduce_fusion_1",256,512,0,36,4,16,"GRBM_GUI_ACTIVE",274745.000000,440249353797340,440249353804581
648,673,"Agent 2",1,613108,613108,524288,56,"input_reduce_fusion_1",256,512,0,36,4,16,"SQ_BUSY_CYCLES",476813.000000,440249353797340,440249353804581
648,673,"Agent 2",1,613108,613108,524288,56,"input_reduce_fusion_1",256,512,0,36,4,16,"SQ_INSTS_VALU_MFMA_MOPS_BF16",0.00000000e+00,440249353797340,440249353804581
648,673,"Agent 2",1,613108,613108,524288,56,"input_reduce_fusion_1",256,512,0,36,4,16,"SQ_WAVES",8192.000000,440249353797340,440249353804581
648,674,"Agent 2",1,613108,613108,2048,57,"loop_multiply_fusion",256,0,0,16,0,16,"GRBM_GUI_ACTIVE",178186.000000,440249353849781,440249353852221
648,674,"Agent 2",1,613108,613108,2048,57,"loop_multiply_fusion",256,0,0,16,0,16,"SQ_BUSY_CYCLES",31009.000000,440249353849781,440249353852221
648,674,"Agent 2",1,613108,613108,2048,57,"loop_multiply_fusion",256,0,0,16,0,16,"SQ_INSTS_VALU_MFMA_MOPS_BF16",0.00000000e+00,440249353849781,440249353852221
648,674,"Agent 2",1,613108,613108,2048,57,"loop_multiply_fusion",256,0,0,16,0,16,"SQ_WAVES",32.000000,440249353849781,440249353852221
648,675,"Agent 2",1,613108,613108,524288,58,"input_convert_reduce_fusion",256,512,0,52,4,32,"GRBM_GUI_ACTIVE",349120.000000,440249353898941,440249353910181
648,675,"Agent 2",1,613108,613108,524288,58,"input_convert_reduce_fusion",256,512,0,52,4,32,"SQ_BUSY_CYCLES",684093.000000,440249353898941,440249353910181
648,675,"Agent 2",1,613108,613108,524288,58,"input_convert_reduce_fusion",256,512,0,52,4,32,"SQ_INSTS_VALU_MFMA_MOPS_BF16",0.00000000e+00,440249353898941,440249353910181
648,675,"Agent 2",1,613108,613108,524288,58,"input_convert_reduce_fusion",256,512,0,52,4,32,"SQ_WAVES",8192.000000,440249353898941,440249353910181
648,676,"Agent 2",1,613108,613108,128,59,"input_reduce_fusion_2",128,512,0,20,4,16,"GRBM_GUI_ACTIVE",163934.000000,440249353958622,440249353961182
648,676,"Agent 2",1,613108,613108,128,59,"input_reduce_fusion_2",128,512,0,20,4,16,"SQ_BUSY_CYCLES",4765.000000,440249353958622,440249353961182
648,676,"Agent 2",1,613108,613108,128,59,"input_reduce_fusion_2",128,512,0,20,4,16,"SQ_INSTS_VALU_MFMA_MOPS_BF16",0.00000000e+00,440249353958622,440249353961182
648,676,"Agent 2",1,613108,613108,128,59,"input_reduce_fusion_2",128,512,0,20,4,16,"SQ_WAVES",2.000000,440249353958622,440249353961182
648,677,"Agent 2",1,613108,613108,1,60,"loop_multiply_fusion_1",1,0,0,4,4,16,"GRBM_GUI_ACTIVE",153627.000000,440249354004782,440249354006702
648,677,"Agent 2",1,613108,613108,1,60,"loop_multiply_fusion_1",1,0,0,4,4,16,"SQ_BUSY_CYCLES",3045.000000,440249354004782,440249354006702
648,677,"Agent 2",1,613108,613108,1,60,"loop_multiply_fusion_1",1,0,0,4,4,16,"SQ_INSTS_VALU_MFMA_MOPS_BF16",0.00000000e+00,440249354004782,440249354006702
648,677,"Agent 2",1,613108,613108,1,60,"loop_multiply_fusion_1",1,0,0,4,4,16,"SQ_WAVES",1.000000,440249354004782,440249354006702
648,678,"Agent 2",1,613108,613108,65536,3410,"Cijk_Alik_Bljk_BBS_BH_Bias_HA_S_SAV_UserArgs_MT256x128x64_MI16x16x1_SN_LDSB0_AFC0_AG1_AGGSUA0_AGNTAB0_AFEM1_AFEM1_ASEM1_CD1_1_CLR1_CLS0_CADS0_DTLA1_DTLB1_DTLM0_DTVA0_DTVB0_DTVMXSA0_DTVMXSB0_DTVSM0_DPLB1_EPS0_ELFLR0_EMLLn1_FDSI0_GRPM1_GRVWA8_GRVWB8_GSU0_GSUAMB_GLS0_HPLR0_ISA950_ICIW0_IU1_K1_LDSTI0_LBSPPA1024_LBSPPB1024_LBSPPMXSA0_LBSPPMXSB0_LBSPPM0_LPA16_LPB16_LPMXSA0_LPMXSB0_LPM0_LRVW8_LWPMn1_MIAV0_MIWT8_4_MXLIBL_MXSFNS_MO40_MGRIPM1_NTn1_NTA0_NTB0_NTC0_NTD0_NTE0_NTMXSA0_NTMXSB0_NTM0_NTWS0_NVn1_NVA0_NVB0_NVC0_NVD0_NVE0_NVMXSA0_NVMXSB0_NVM0_NVWS0_NEPBS14_NLCA1_NLCB1_ONLL1_PAP0_PGL0_PGR2_PLR1_PKA1_SGROB1_SIA3_SS1_SPO0_SRVW0_SSO1_SVW8_SK5_SKFTR0_SKFDPO0_SKXCCM0_SNLL0_SIP1_SGRO0_TDMI0_TDMIM0_TDMS0_TIN1_THn1_THA0_THB0_THC0_THD0_THE0_THMXSA0_THMXSB0_THM0_THWS0_TLDS1_TLDSMn1_ULSGRO1_USL1_USLMX0_UIOFGRO0_UPLRP0_USFGRO0_USI0_VSn1_VWA8_VWB4_WSGRA0_WSGRB0_WS64_WG32_8_1",256,152064,0,112,256,96,"GRBM_GUI_ACTIVE",1155765.000000,440249354054782,440249354109783
648,678,"Agent 2",1,613108,613108,65536,3410,"Cijk_Alik_Bljk_BBS_BH_Bias_HA_S_SAV_UserArgs_MT256x128x64_MI16x16x1_SN_LDSB0_AFC0_AG1_AGGSUA0_AGNTAB0_AFEM1_AFEM1_ASEM1_CD1_1_CLR1_CLS0_CADS0_DTLA1_DTLB1_DTLM0_DTVA0_DTVB0_DTVMXSA0_DTVMXSB0_DTVSM0_DPLB1_EPS0_ELFLR0_EMLLn1_FDSI0_GRPM1_GRVWA8_GRVWB8_GSU0_GSUAMB_GLS0_HPLR0_ISA950_ICIW0_IU1_K1_LDSTI0_LBSPPA1024_LBSPPB1024_LBSPPMXSA0_LBSPPMXSB0_LBSPPM0_LPA16_LPB16_LPMXSA0_LPMXSB0_LPM0_LRVW8_LWPMn1_MIAV0_MIWT8_4_MXLIBL_MXSFNS_MO40_MGRIPM1_NTn1_NTA0_NTB0_NTC0_NTD0_NTE0_NTMXSA0_NTMXSB0_NTM0_NTWS0_NVn1_NVA0_NVB0_NVC0_NVD0_NVE0_NVMXSA0_NVMXSB0_NVM0_NVWS0_NEPBS14_NLCA1_NLCB1_ONLL1_PAP0_PGL0_PGR2_PLR1_PKA1_SGROB1_SIA3_SS1_SPO0_SRVW0_SSO1_SVW8_SK5_SKFTR0_SKFDPO0_SKXCCM0_SNLL0_SIP1_SGRO0_TDMI0_TDMIM0_TDMS0_TIN1_THn1_THA0_THB0_THC0_THD0_THE0_THMXSA0_THMXSB0_THM0_THWS0_TLDS1_TLDSMn1_ULSGRO1_USL1_USLMX0_UIOFGRO0_UPLRP0_USFGRO0_USI0_VSn1_VWA8_VWB4_WSGRA0_WSGRB0_WS64_WG32_8_1",256,152064,0,112,256,96,"SQ_BUSY_CYCLES",3877520.000000,440249354054782,440249354109783
648,678,"Agent 2",1,613108,613108,65536,3410,"Cijk_Alik_Bljk_BBS_BH_Bias_HA_S_SAV_UserArgs_MT256x128x64_MI16x16x1_SN_LDSB0_AFC0_AG1_AGGSUA0_AGNTAB0_AFEM1_AFEM1_ASEM1_CD1_1_CLR1_CLS0_CADS0_DTLA1_DTLB1_DTLM0_DTVA0_DTVB0_DTVMXSA0_DTVMXSB0_DTVSM0_DPLB1_EPS0_ELFLR0_EMLLn1_FDSI0_GRPM1_GRVWA8_GRVWB8_GSU0_GSUAMB_GLS0_HPLR0_ISA950_ICIW0_IU1_K1_LDSTI0_LBSPPA1024_LBSPPB1024_LBSPPMXSA0_LBSPPMXSB0_LBSPPM0_LPA16_LPB16_LPMXSA0_LPMXSB0_LPM0_LRVW8_LWPMn1_MIAV0_MIWT8_4_MXLIBL_MXSFNS_MO40_MGRIPM1_NTn1_NTA0_NTB0_NTC0_NTD0_NTE0_NTMXSA0_NTMXSB0_NTM0_NTWS0_NVn1_NVA0_NVB0_NVC0_NVD0_NVE0_NVMXSA0_NVMXSB0_NVM0_NVWS0_NEPBS14_NLCA1_NLCB1_ONLL1_PAP0_PGL0_PGR2_PLR1_PKA1_SGROB1_SIA3_SS1_SPO0_SRVW0_SSO1_SVW8_SK5_SKFTR0_SKFDPO0_SKXCCM0_SNLL0_SIP1_SGRO0_TDMI0_TDMIM0_TDMS0_TIN1_THn1_THA0_THB0_THC0_THD0_THE0_THMXSA0_THMXSB0_THM0_THWS0_TLDS1_TLDSMn1_ULSGRO1_USL1_USLMX0_UIOFGRO0_UPLRP0_USFGRO0_USI0_VSn1_VWA8_VWB4_WSGRA0_WSGRB0_WS64_WG32_8_1",256,152064,0,112,256,96,"SQ_INSTS_VALU_MFMA_MOPS_BF16",134217728.000000,440249354054782,440249354109783
648,678,"Agent 2",1,613108,613108,65536,3410,"Cijk_Alik_Bljk_BBS_BH_Bias_HA_S_SAV_UserArgs_MT256x128x64_MI16x16x1_SN_LDSB0_AFC0_AG1_AGGSUA0_AGNTAB0_AFEM1_AFEM1_ASEM1_CD1_1_CLR1_CLS0_CADS0_DTLA1_DTLB1_DTLM0_DTVA0_DTVB0_DTVMXSA0_DTVMXSB0_DTVSM0_DPLB1_EPS0_ELFLR0_EMLLn1_FDSI0_GRPM1_GRVWA8_GRVWB8_GSU0_GSUAMB_GLS0_HPLR0_ISA950_ICIW0_IU1_K1_LDSTI0_LBSPPA1024_LBSPPB1024_LBSPPMXSA0_LBSPPMXSB0_LBSPPM0_LPA16_LPB16_LPMXSA0_LPMXSB0_LPM0_LRVW8_LWPMn1_MIAV0_MIWT8_4_MXLIBL_MXSFNS_MO40_MGRIPM1_NTn1_NTA0_NTB0_NTC0_NTD0_NTE0_NTMXSA0_NTMXSB0_NTM0_NTWS0_NVn1_NVA0_NVB0_NVC0_NVD0_NVE0_NVMXSA0_NVMXSB0_NVM0_NVWS0_NEPBS14_NLCA1_NLCB1_ONLL1_PAP0_PGL0_PGR2_PLR1_PKA1_SGROB1_SIA3_SS1_SPO0_SRVW0_SSO1_SVW8_SK5_SKFTR0_SKFDPO0_SKXCCM0_SNLL0_SIP1_SGRO0_TDMI0_TDMIM0_TDMS0_TIN1_THn1_THA0_THB0_THC0_THD0_THE0_THMXSA0_THMXSB0_THM0_THWS0_TLDS1_TLDSMn1_ULSGRO1_USL1_USLMX0_UIOFGRO0_UPLRP0_USFGRO0_USI0_VSn1_VWA8_VWB4_WSGRA0_WSGRB0_WS64_WG32_8_1",256,152064,0,112,256,96,"SQ_WAVES",1024.000000,440249354054782,440249354109783
648,679,"Agent 2",1,613108,613108,2097152,61,"loop_transpose_fusion",256,0,0,4,4,16,"GRBM_GUI_ACTIVE",266441.000000,440249354156263,440249354163063
648,679,"Agent 2",1,613108,613108,2097152,61,"loop_transpose_fusion",256,0,0,4,4,16,"SQ_BUSY_CYCLES",371230.000000,440249354156263,440249354163063
648,679,"Agent 2",1,613108,613108,2097152,61,"loop_transpose_fusion",256,0,0,4,4,16,"SQ_INSTS_VALU_MFMA_MOPS_BF16",0.00000000e+00,440249354156263,440249354163063
648,679,"Agent 2",1,613108,613108,2097152,61,"loop_transpose_fusion",256,0,0,4,4,16,"SQ_WAVES",32768.000000,440249354156263,440249354163063
648,680,"Agent 2",1,613108,613108,57344,4008,"Cijk_Ailk_Bjlk_BBS_BH_Bias_HA_S_SAV_UserArgs_MT320x128x64_MI32x32x1_SN_LDSB0_AFC0_AG0_AGGSUA0_AGNTAB0_AFEM1_AFEM1_ASEM1_CD1_1_CLR0_CLS0_CADS0_DTLA0_DTLB0_DTLM0_DTVA0_DTVB0_DTVMXSA0_DTVMXSB0_DTVSM0_DPLB0_EPS0_ELFLR0_EMLLn1_FDSI0_GRPM1_GRVWA8_GRVWB8_GSU0_GSUAMB_GLS0_HPLR0_ISA950_ICIW0_IU1_K1_LDSTI1_LBSPPA0_LBSPPB0_LBSPPMXSA0_LBSPPMXSB0_LBSPPM0_LPA0_LPB0_LPMXSA0_LPMXSB0_LPM0_LRVW8_LWPMn1_MIAV0_MIWT5_2_MXLIBL_MXSFNS_MO40_MGRIPM1_NTn1_NTA0_NTB0_NTC6_NTD4_NTE0_NTMXSA0_NTMXSB0_NTM0_NTWS0_NVn1_NVA0_NVB0_NVC0_NVD0_NVE0_NVMXSA0_NVMXSB0_NVM0_NVWS0_NEPBS0_NLCA5_NLCB1_ONLL1_PAP0_PGL0_PGR2_PLR1_PKA1_SGROB0_SIA3_SS1_SPO1_SRVW0_SSO1_SVW1_SK5_SKFTR0_SKFDPO0_SKXCCM0_SNLL0_SIP1_SGRO0_TDMI0_TDMIM0_TDMS0_TIN0_THn1_THA0_THB0_THC0_THD0_THE0_THMXSA0_THMXSB0_THM0_THWS0_TLDS0_TLDSM1_ULSGRO0_USL1_USLMX0_UIOFGRO0_UPLRP0_USFGROn1_USI0_VSn1_VWA1_VWB1_WSGRA0_WSGRB0_WS64_WG64_4_1",256,122880,0,128,288,96,"GRBM_GUI_ACTIVE",1485074.000000,440249354211144,440249354281064
648,680,"Agent 2",1,613108,613108,57344,4008,"Cijk_Ailk_Bjlk_BBS_BH_Bias_HA_S_SAV_UserArgs_MT320x128x64_MI32x32x1_SN_LDSB0_AFC0_AG0_AGGSUA0_AGNTAB0_AFEM1_AFEM1_ASEM1_CD1_1_CLR0_CLS0_CADS0_DTLA0_DTLB0_DTLM0_DTVA0_DTVB0_DTVMXSA0_DTVMXSB0_DTVSM0_DPLB0_EPS0_ELFLR0_EMLLn1_FDSI0_GRPM1_GRVWA8_GRVWB8_GSU0_GSUAMB_GLS0_HPLR0_ISA950_ICIW0_IU1_K1_LDSTI1_LBSPPA0_LBSPPB0_LBSPPMXSA0_LBSPPMXSB0_LBSPPM0_LPA0_LPB0_LPMXSA0_LPMXSB0_LPM0_LRVW8_LWPMn1_MIAV0_MIWT5_2_MXLIBL_MXSFNS_MO40_MGRIPM1_NTn1_NTA0_NTB0_NTC6_NTD4_NTE0_NTMXSA0_NTMXSB0_NTM0_NTWS0_NVn1_NVA0_NVB0_NVC0_NVD0_NVE0_NVMXSA0_NVMXSB0_NVM0_NVWS0_NEPBS0_NLCA5_NLCB1_ONLL1_PAP0_PGL0_PGR2_PLR1_PKA1_SGROB0_SIA3_SS1_SPO1_SRVW0_SSO1_SVW1_SK5_SKFTR0_SKFDPO0_SKXCCM0_SNLL0_SIP1_SGRO0_TDMI0_TDMIM0_TDMS0_TIN0_THn1_THA0_THB0_THC0_THD0_THE0_THMXSA0_THMXSB0_THM0_THWS0_TLDS0_TLDSM1_ULSGRO0_USL1_USLMX0_UIOFGRO0_UPLRP0_USFGROn1_USI0_VSn1_VWA1_VWB1_WSGRA0_WSGRB0_WS64_WG64_4_1",256,122880,0,128,288,96,"SQ_BUSY_CYCLES",5025650.000000,440249354211144,440249354281064
648,680,"Agent 2",1,613108,613108,57344,4008,"Cijk_Ailk_Bjlk_BBS_BH_Bias_HA_S_SAV_UserArgs_MT320x128x64_MI32x32x1_SN_LDSB0_AFC0_AG0_AGGSUA0_AGNTAB0_AFEM1_AFEM1_ASEM1_CD1_1_CLR0_CLS0_CADS0_DTLA0_DTLB0_DTLM0_DTVA0_DTVB0_DTVMXSA0_DTVMXSB0_DTVSM0_DPLB0_EPS0_ELFLR0_EMLLn1_FDSI0_GRPM1_GRVWA8_GRVWB8_GSU0_GSUAMB_GLS0_HPLR0_ISA950_ICIW0_IU1_K1_LDSTI1_LBSPPA0_LBSPPB0_LBSPPMXSA0_LBSPPMXSB0_LBSPPM0_LPA0_LPB0_LPMXSA0_LPMXSB0_LPM0_LRVW8_LWPMn1_MIAV0_MIWT5_2_MXLIBL_MXSFNS_MO40_MGRIPM1_NTn1_NTA0_NTB0_NTC6_NTD4_NTE0_NTMXSA0_NTMXSB0_NTM0_NTWS0_NVn1_NVA0_NVB0_NVC0_NVD0_NVE0_NVMXSA0_NVMXSB0_NVM0_NVWS0_NEPBS0_NLCA5_NLCB1_ONLL1_PAP0_PGL0_PGR2_PLR1_PKA1_SGROB0_SIA3_SS1_SPO1_SRVW0_SSO1_SVW1_SK5_SKFTR0_SKFDPO0_SKXCCM0_SNLL0_SIP1_SGRO0_TDMI0_TDMIM0_TDMS0_TIN0_THn1_THA0_THB0_THC0_THD0_THE0_THMXSA0_THMXSB0_THM0_THWS0_TLDS0_TLDSM1_ULSGRO0_USL1_USLMX0_UIOFGRO0_UPLRP0_USFGROn1_USI0_VSn1_VWA1_VWB1_WSGRA0_WSGRB0_WS64_WG64_4_1",256,122880,0,128,288,96,"SQ_INSTS_VALU_MFMA_MOPS_BF16",73400320.000000,440249354211144,440249354281064
648,680,"Agent 2",1,613108,613108,57344,4008,"Cijk_Ailk_Bjlk_BBS_BH_Bias_HA_S_SAV_UserArgs_MT320x128x64_MI32x32x1_SN_LDSB0_AFC0_AG0_AGGSUA0_AGNTAB0_AFEM1_AFEM1_ASEM1_CD1_1_CLR0_CLS0_CADS0_DTLA0_DTLB0_DTLM0_DTVA0_DTVB0_DTVMXSA0_DTVMXSB0_DTVSM0_DPLB0_EPS0_ELFLR0_EMLLn1_FDSI0_GRPM1_GRVWA8_GRVWB8_GSU0_GSUAMB_GLS0_HPLR0_ISA950_ICIW0_IU1_K1_LDSTI1_LBSPPA0_LBSPPB0_LBSPPMXSA0_LBSPPMXSB0_LBSPPM0_LPA0_LPB0_LPMXSA0_LPMXSB0_LPM0_LRVW8_LWPMn1_MIAV0_MIWT5_2_MXLIBL_MXSFNS_MO40_MGRIPM1_NTn1_NTA0_NTB0_NTC6_NTD4_NTE0_NTMXSA0_NTMXSB0_NTM0_NTWS0_NVn1_NVA0_NVB0_NVC0_NVD0_NVE0_NVMXSA0_NVMXSB0_NVM0_NVWS0_NEPBS0_NLCA5_NLCB1_ONLL1_PAP0_PGL0_PGR2_PLR1_PKA1_SGROB0_SIA3_SS1_SPO1_SRVW0_SSO1_SVW1_SK5_SKFTR0_SKFDPO0_SKXCCM0_SNLL0_SIP1_SGRO0_TDMI0_TDMIM0_TDMS0_TIN0_THn1_THA0_THB0_THC0_THD0_THE0_THMXSA0_THMXSB0_THM0_THWS0_TLDS0_TLDSM1_ULSGRO0_USL1_USLMX0_UIOFGRO0_UPLRP0_USFGROn1_USI0_VSn1_VWA1_VWB1_WSGRA0_WSGRB0_WS64_WG64_4_1",256,122880,0,128,288,96,"SQ_WAVES",896.000000,440249354211144,440249354281064
648,681,"Agent 2",1,613108,613108,65536,2053,"Cijk_Ailk_Bljk_BBS_BH_Bias_HA_S_SAV_UserArgs_MT256x256x64_MI16x16x1_CMS_SN_LDSB0_AFC0_AG1_AGGSUA0_AGNTAB0_AFEM1_AFEM1_ASEM1_CD1_1_CLR1_CLS0_CADS0_DTLA1_DTLB1_DTLM0_DTVA0_DTVB0_DTVMXSA0_DTVMXSB0_DTVSM0_DPLB0_EPS0_ELFLR0_EMLLn1_FDSI0_GRPM1_GRVWA8_GRVWB8_GSU0_GSUAMB_GLS0_HPLR0_ISA950_ICIW0_IU1_K1_LDSTI0_LBSPPA0_LBSPPB1024_LBSPPMXSA0_LBSPPMXSB0_LBSPPM0_LPA0_LPB16_LPMXSA0_LPMXSB0_LPM0_LRVW8_LWPMn1_MIAV0_MIWT8_8_MXLIBL_MXSFNS_MO40_MGRIPM1_NTn1_NTA0_NTB0_NTC4_NTD0_NTE0_NTMXSA0_NTMXSB0_NTM0_NTWS0_NVn1_NVA0_NVB0_NVC0_NVD0_NVE0_NVMXSA0_NVMXSB0_NVM0_NVWS0_NEPBS16_NLCA1_NLCB1_ONLL1_PAP0_PGL0_PGR2_PLR1_PKA1_SGROB0_SIA3_SS1_SPO1_SRVW0_SSO0_SVW8_SK5_SKFTR0_SKFDPO0_SKXCCM0_SNLL0_SIP1_SGRO0_TDMI0_TDMIM0_TDMS0_TIN0_THn1_THA0_THB0_THC0_THD0_THE0_THMXSA0_THMXSB0_THM0_THWS0_TLDS1_TLDSM1_ULSGRO0_USL1_USLMX0_UIOFGRO0_UPLRP1_USFGRO0_USI0_VSn1_VWA8_VWB8_WSGRA0_WSGRB0_WS64_WG32_8_1",256,133120,0,112,384,112,"GRBM_GUI_ACTIVE",1056004.000000,440249354326425,440249354375345
648,681,"Agent 2",1,613108,613108,65536,2053,"Cijk_Ailk_Bljk_BBS_BH_Bias_HA_S_SAV_UserArgs_MT256x256x64_MI16x16x1_CMS_SN_LDSB0_AFC0_AG1_AGGSUA0_AGNTAB0_AFEM1_AFEM1_ASEM1_CD1_1_CLR1_CLS0_CADS0_DTLA1_DTLB1_DTLM0_DTVA0_DTVB0_DTVMXSA0_DTVMXSB0_DTVSM0_DPLB0_EPS0_ELFLR0_EMLLn1_FDSI0_GRPM1_GRVWA8_GRVWB8_GSU0_GSUAMB_GLS0_HPLR0_ISA950_ICIW0_IU1_K1_LDSTI0_LBSPPA0_LBSPPB1024_LBSPPMXSA0_LBSPPMXSB0_LBSPPM0_LPA0_LPB16_LPMXSA0_LPMXSB0_LPM0_LRVW8_LWPMn1_MIAV0_MIWT8_8_MXLIBL_MXSFNS_MO40_MGRIPM1_NTn1_NTA0_NTB0_NTC4_NTD0_NTE0_NTMXSA0_NTMXSB0_NTM0_NTWS0_NVn1_NVA0_NVB0_NVC0_NVD0_NVE0_NVMXSA0_NVMXSB0_NVM0_NVWS0_NEPBS16_NLCA1_NLCB1_ONLL1_PAP0_PGL0_PGR2_PLR1_PKA1_SGROB0_SIA3_SS1_SPO1_SRVW0_SSO0_SVW8_SK5_SKFTR0_SKFDPO0_SKXCCM0_SNLL0_SIP1_SGRO0_TDMI0_TDMIM0_TDMS0_TIN0_THn1_THA0_THB0_THC0_THD0_THE0_THMXSA0_THMXSB0_THM0_THWS0_TLDS1_TLDSM1_ULSGRO0_USL1_USLMX0_UIOFGRO0_UPLRP1_USFGRO0_USI0_VSn1_VWA8_VWB8_WSGRA0_WSGRB0_WS64_WG32_8_1",256,133120,0,112,384,112,"SQ_BUSY_CYCLES",3424712.000000,440249354326425,440249354375345
648,681,"Agent 2",1,613108,613108,65536,2053,"Cijk_Ailk_Bljk_BBS_BH_Bias_HA_S_SAV_UserArgs_MT256x256x64_MI16x16x1_CMS_SN_LDSB0_AFC0_AG1_AGGSUA0_AGNTAB0_AFEM1_AFEM1_ASEM1_CD1_1_CLR1_CLS0_CADS0_DTLA1_DTLB1_DTLM0_DTVA0_DTVB0_DTVMXSA0_DTVMXSB0_DTVSM0_DPLB0_EPS0_ELFLR0_EMLLn1_FDSI0_GRPM1_GRVWA8_GRVWB8_GSU0_GSUAMB_GLS0_HPLR0_ISA950_ICIW0_IU1_K1_LDSTI0_LBSPPA0_LBSPPB1024_LBSPPMXSA0_LBSPPMXSB0_LBSPPM0_LPA0_LPB16_LPMXSA0_LPMXSB0_LPM0_LRVW8_LWPMn1_MIAV0_MIWT8_8_MXLIBL_MXSFNS_MO40_MGRIPM1_NTn1_NTA0_NTB0_NTC4_NTD0_NTE0_NTMXSA0_NTMXSB0_NTM0_NTWS0_NVn1_NVA0_NVB0_NVC0_NVD0_NVE0_NVMXSA0_NVMXSB0_NVM0_NVWS0_NEPBS16_NLCA1_NLCB1_ONLL1_PAP0_PGL0_PGR2_PLR1_PKA1_SGROB0_SIA3_SS1_SPO1_SRVW0_SSO0_SVW8_SK5_SKFTR0_SKFDPO0_SKXCCM0_SNLL0_SIP1_SGRO0_TDMI0_TDMIM0_TDMS0_TIN0_THn1_THA0_THB0_THC0_THD0_THE0_THMXSA0_THMXSB0_THM0_THWS0_TLDS1_TLDSM1_ULSGRO0_USL1_USLMX0_UIOFGRO0_UPLRP1_USFGRO0_USI0_VSn1_VWA8_VWB8_WSGRA0_WSGRB0_WS64_WG32_8_1",256,133120,0,112,384,112,"SQ_INSTS_VALU_MFMA_MOPS_BF16",134217728.000000,440249354326425,440249354375345
648,681,"Agent 2",1,613108,613108,65536,2053,"Cijk_Ailk_Bljk_BBS_BH_Bias_HA_S_SAV_UserArgs_MT256x256x64_MI16x16x1_CMS_SN_LDSB0_AFC0_AG1_AGGSUA0_AGNTAB0_AFEM1_AFEM1_ASEM1_CD1_1_CLR1_CLS0_CADS0_DTLA1_DTLB1_DTLM0_DTVA0_DTVB0_DTVMXSA0_DTVMXSB0_DTVSM0_DPLB0_EPS0_ELFLR0_EMLLn1_FDSI0_GRPM1_GRVWA8_GRVWB8_GSU0_GSUAMB_GLS0_HPLR0_ISA950_ICIW0_IU1_K1_LDSTI0_LBSPPA0_LBSPPB1024_LBSPPMXSA0_LBSPPMXSB0_LBSPPM0_LPA0_LPB16_LPMXSA0_LPMXSB0_LPM0_LRVW8_LWPMn1_MIAV0_MIWT8_8_MXLIBL_MXSFNS_MO40_MGRIPM1_NTn1_NTA0_NTB0_NTC4_NTD0_NTE0_NTMXSA0_NTMXSB0_NTM0_NTWS0_NVn1_NVA0_NVB0_NVC0_NVD0_NVE0_NVMXSA0_NVMXSB0_NVM0_NVWS0_NEPBS16_NLCA1_NLCB1_ONLL1_PAP0_PGL0_PGR2_PLR1_PKA1_SGROB0_SIA3_SS1_SPO1_SRVW0_SSO0_SVW8_SK5_SKFTR0_SKFDPO0_SKXCCM0_SNLL0_SIP1_SGRO0_TDMI0_TDMIM0_TDMS0_TIN0_THn1_THA0_THB0_THC0_THD0_THE0_THMXSA0_THMXSB0_THM0_THWS0_TLDS1_TLDSM1_ULSGRO0_USL1_USLMX0_UIOFGRO0_UPLRP1_USFGRO0_USI0_VSn1_VWA8_VWB8_WSGRA0_WSGRB0_WS64_WG32_8_1",256,133120,0,112,384,112,"SQ_WAVES",1024.000000,440249354326425,440249354375345
648,682,"Agent 2",1,613108,613108,4194304,62,"loop_add_convert_fusion_3",256,0,0,36,4,32,"GRBM_GUI_ACTIVE",970017.000000,440249354421065,440249354464546
648,682,"Agent 2",1,613108,613108,4194304,62,"loop_add_convert_fusion_3",256,0,0,36,4,32,"SQ_BUSY_CYCLES",2926396.000000,440249354421065,440249354464546
648,682,"Agent 2",1,613108,613108,4194304,62,"loop_add_convert_fusion_3",256,0,0,36,4,32,"SQ_INSTS_VALU_MFMA_MOPS_BF16",0.00000000e+00,440249354421065,440249354464546
648,682,"Agent 2",1,613108,613108,4194304,62,"loop_add_convert_fusion_3",256,0,0,36,4,32,"SQ_WAVES",65536.000000,440249354421065,440249354464546
648,683,"Agent 2",1,613108,613108,229376,3971,"Cijk_Ailk_Bjlk_BBS_BH_Bias_HA_S_SAV_UserArgs_MT256x256x64_MI16x16x1_CMS_SN_LDSB0_AFC0_AG0_AGGSUA0_AGNTAB0_AFEM1_AFEM1_ASEM1_CD1_1_CLR1_CLS0_CADS0_DTLA1_DTLB1_DTLM0_DTVA0_DTVB0_DTVMXSA0_DTVMXSB0_DTVSM0_DPLB0_EPS0_ELFLR0_EMLLn1_FDSI0_GRPM1_GRVWA8_GRVWB8_GSU0_GSUAMB_GLS0_HPLR0_ISA950_ICIW0_IU1_K1_LDSTI0_LBSPPA0_LBSPPB0_LBSPPMXSA0_LBSPPMXSB0_LBSPPM0_LPA0_LPB0_LPMXSA0_LPMXSB0_LPM0_LRVW8_LWPMn1_MIAV0_MIWT8_8_MXLIBL_MXSFNS_MO40_MGRIPM1_NTn1_NTA0_NTB0_NTC0_NTD4_NTE0_NTMXSA0_NTMXSB0_NTM0_NTWS0_NVn1_NVA0_NVB0_NVC0_NVD0_NVE0_NVMXSA0_NVMXSB0_NVM0_NVWS0_NEPBS0_NLCA1_NLCB1_ONLL1_PAP0_PGL0_PGR2_PLR1_PKA1_SGROB0_SIA3_SS1_SPO0_SRVW0_SSO0_SVW8_SK5_SKFTR0_SKFDPO0_SKXCCM0_SNLL0_SIP1_SGRO0_TDMI0_TDMIM0_TDMS0_TIN0_THn1_THA0_THB0_THC0_THD0_THE0_THMXSA0_THMXSB0_THM0_THWS0_TLDS0_TLDSM1_ULSGRO0_USL1_USLMX0_UIOFGRO0_UPLRP1_USFGRO0_USI0_VSn1_VWA8_VWB8_WSGRA0_WSGRB0_WS64_WG32_8_1",256,131072,0,120,384,112,"GRBM_GUI_ACTIVE",3285958.000000,440249354513826,440249354682507
648,683,"Agent 2",1,613108,613108,229376,3971,"Cijk_Ailk_Bjlk_BBS_BH_Bias_HA_S_SAV_UserArgs_MT256x256x64_MI16x16x1_CMS_SN_LDSB0_AFC0_AG0_AGGSUA0_AGNTAB0_AFEM1_AFEM1_ASEM1_CD1_1_CLR1_CLS0_CADS0_DTLA1_DTLB1_DTLM0_DTVA0_DTVB0_DTVMXSA0_DTVMXSB0_DTVSM0_DPLB0_EPS0_ELFLR0_EMLLn1_FDSI0_GRPM1_GRVWA8_GRVWB8_GSU0_GSUAMB_GLS0_HPLR0_ISA950_ICIW0_IU1_K1_LDSTI0_LBSPPA0_LBSPPB0_LBSPPMXSA0_LBSPPMXSB0_LBSPPM0_LPA0_LPB0_LPMXSA0_LPMXSB0_LPM0_LRVW8_LWPMn1_MIAV0_MIWT8_8_MXLIBL_MXSFNS_MO40_MGRIPM1_NTn1_NTA0_NTB0_NTC0_NTD4_NTE0_NTMXSA0_NTMXSB0_NTM0_NTWS0_NVn1_NVA0_NVB0_NVC0_NVD0_NVE0_NVMXSA0_NVMXSB0_NVM0_NVWS0_NEPBS0_NLCA1_NLCB1_ONLL1_PAP0_PGL0_PGR2_PLR1_PKA1_SGROB0_SIA3_SS1_SPO0_SRVW0_SSO0_SVW8_SK5_SKFTR0_SKFDPO0_SKXCCM0_SNLL0_SIP1_SGRO0_TDMI0_TDMIM0_TDMS0_TIN0_THn1_THA0_THB0_THC0_THD0_THE0_THMXSA0_THMXSB0_THM0_THWS0_TLDS0_TLDSM1_ULSGRO0_USL1_USLMX0_UIOFGRO0_UPLRP1_USFGRO0_USI0_VSn1_VWA8_VWB8_WSGRA0_WSGRB0_WS64_WG32_8_1",256,131072,0,120,384,112,"SQ_BUSY_CYCLES",12380199.000000,440249354513826,440249354682507
648,683,"Agent 2",1,613108,613108,229376,3971,"Cijk_Ailk_Bjlk_BBS_BH_Bias_HA_S_SAV_UserArgs_MT256x256x64_MI16x16x1_CMS_SN_LDSB0_AFC0_AG0_AGGSUA0_AGNTAB0_AFEM1_AFEM1_ASEM1_CD1_1_CLR1_CLS0_CADS0_DTLA1_DTLB1_DTLM0_DTVA0_DTVB0_DTVMXSA0_DTVMXSB0_DTVSM0_DPLB0_EPS0_ELFLR0_EMLLn1_FDSI0_GRPM1_GRVWA8_GRVWB8_GSU0_GSUAMB_GLS0_HPLR0_ISA950_ICIW0_IU1_K1_LDSTI0_LBSPPA0_LBSPPB0_LBSPPMXSA0_LBSPPMXSB0_LBSPPM0_LPA0_LPB0_LPMXSA0_LPMXSB0_LPM0_LRVW8_LWPMn1_MIAV0_MIWT8_8_MXLIBL_MXSFNS_MO40_MGRIPM1_NTn1_NTA0_NTB0_NTC0_NTD4_NTE0_NTMXSA0_NTMXSB0_NTM0_NTWS0_NVn1_NVA0_NVB0_NVC0_NVD0_NVE0_NVMXSA0_NVMXSB0_NVM0_NVWS0_NEPBS0_NLCA1_NLCB1_ONLL1_PAP0_PGL0_PGR2_PLR1_PKA1_SGROB0_SIA3_SS1_SPO0_SRVW0_SSO0_SVW8_SK5_SKFTR0_SKFDPO0_SKXCCM0_SNLL0_SIP1_SGRO0_TDMI0_TDMIM0_TDMS0_TIN0_THn1_THA0_THB0_THC0_THD0_THE0_THMXSA0_THMXSB0_THM0_THWS0_TLDS0_TLDSM1_ULSGRO0_USL1_USLMX0_UIOFGRO0_UPLRP1_USFGRO0_USI0_VSn1_VWA8_VWB8_WSGRA0_WSGRB0_WS64_WG32_8_1",256,131072,0,120,384,112,"SQ_INSTS_VALU_MFMA_MOPS_BF16",469762048.000000,440249354513826,440249354682507
648,683,"Agent 2",1,613108,613108,229376,3971,"Cijk_Ailk_Bjlk_BBS_BH_Bias_HA_S_SAV_UserArgs_MT256x256x64_MI16x16x1_CMS_SN_LDSB0_AFC0_AG0_AGGSUA0_AGNTAB0_AFEM1_AFEM1_ASEM1_CD1_1_CLR1_CLS0_CADS0_DTLA1_DTLB1_DTLM0_DTVA0_DTVB0_DTVMXSA0_DTVMXSB0_DTVSM0_DPLB0_EPS0_ELFLR0_EMLLn1_FDSI0_GRPM1_GRVWA8_GRVWB8_GSU0_GSUAMB_GLS0_HPLR0_ISA950_ICIW0_IU1_K1_LDSTI0_LBSPPA0_LBSPPB0_LBSPPMXSA0_LBSPPMXSB0_LBSPPM0_LPA0_LPB0_LPMXSA0_LPMXSB0_LPM0_LRVW8_LWPMn1_MIAV0_MIWT8_8_MXLIBL_MXSFNS_MO40_MGRIPM1_NTn1_NTA0_NTB0_NTC0_NTD4_NTE0_NTMXSA0_NTMXSB0_NTM0_NTWS0_NVn1_NVA0_NVB0_NVC0_NVD0_NVE0_NVMXSA0_NVMXSB0_NVM0_NVWS0_NEPBS0_NLCA1_NLCB1_ONLL1_PAP0_PGL0_PGR2_PLR1_PKA1_SGROB0_SIA3_SS1_SPO0_SRVW0_SSO0_SVW8_SK5_SKFTR0_SKFDPO0_SKXCCM0_SNLL0_SIP1_SGRO0_TDMI0_TDMIM0_TDMS0_TIN0_THn1_THA0_THB0_THC0_THD0_THE0_THMXSA0_THMXSB0_THM0_THWS0_TLDS0_TLDSM1_ULSGRO0_USL1_USLMX0_UIOFGRO0_UPLRP1_USFGRO0_USI0_VSn1_VWA8_VWB8_WSGRA0_WSGRB0_WS64_WG32_8_1",256,131072,0,120,384,112,"SQ_WAVES",3584.000000,440249354513826,440249354682507
648,684,"Agent 2",1,613108,613108,229376,3971,"Cijk_Ailk_Bjlk_BBS_BH_Bias_HA_S_SAV_UserArgs_MT256x256x64_MI16x16x1_CMS_SN_LDSB0_AFC0_AG0_AGGSUA0_AGNTAB0_AFEM1_AFEM1_ASEM1_CD1_1_CLR1_CLS0_CADS0_DTLA1_DTLB1_DTLM0_DTVA0_DTVB0_DTVMXSA0_DTVMXSB0_DTVSM0_DPLB0_EPS0_ELFLR0_EMLLn1_FDSI0_GRPM1_GRVWA8_GRVWB8_GSU0_GSUAMB_GLS0_HPLR0_ISA950_ICIW0_IU1_K1_LDSTI0_LBSPPA0_LBSPPB0_LBSPPMXSA0_LBSPPMXSB0_LBSPPM0_LPA0_LPB0_LPMXSA0_LPMXSB0_LPM0_LRVW8_LWPMn1_MIAV0_MIWT8_8_MXLIBL_MXSFNS_MO40_MGRIPM1_NTn1_NTA0_NTB0_NTC0_NTD4_NTE0_NTMXSA0_NTMXSB0_NTM0_NTWS0_NVn1_NVA0_NVB0_NVC0_NVD0_NVE0_NVMXSA0_NVMXSB0_NVM0_NVWS0_NEPBS0_NLCA1_NLCB1_ONLL1_PAP0_PGL0_PGR2_PLR1_PKA1_SGROB0_SIA3_SS1_SPO0_SRVW0_SSO0_SVW8_SK5_SKFTR0_SKFDPO0_SKXCCM0_SNLL0_SIP1_SGRO0_TDMI0_TDMIM0_TDMS0_TIN0_THn1_THA0_THB0_THC0_THD0_THE0_THMXSA0_THMXSB0_THM0_THWS0_TLDS0_TLDSM1_ULSGRO0_USL1_USLMX0_UIOFGRO0_UPLRP1_USFGRO0_USI0_VSn1_VWA8_VWB8_WSGRA0_WSGRB0_WS64_WG32_8_1",256,131072,0,120,384,112,"GRBM_GUI_ACTIVE",3132171.000000,440249354731628,440249354892389
648,684,"Agent 2",1,613108,613108,229376,3971,"Cijk_Ailk_Bjlk_BBS_BH_Bias_HA_S_SAV_UserArgs_MT256x256x64_MI16x16x1_CMS_SN_LDSB0_AFC0_AG0_AGGSUA0_AGNTAB0_AFEM1_AFEM1_ASEM1_CD1_1_CLR1_CLS0_CADS0_DTLA1_DTLB1_DTLM0_DTVA0_DTVB0_DTVMXSA0_DTVMXSB0_DTVSM0_DPLB0_EPS0_ELFLR0_EMLLn1_FDSI0_GRPM1_GRVWA8_GRVWB8_GSU0_GSUAMB_GLS0_HPLR0_ISA950_ICIW0_IU1_K1_LDSTI0_LBSPPA0_LBSPPB0_LBSPPMXSA0_LBSPPMXSB0_LBSPPM0_LPA0_LPB0_LPMXSA0_LPMXSB0_LPM0_LRVW8_LWPMn1_MIAV0_MIWT8_8_MXLIBL_MXSFNS_MO40_MGRIPM1_NTn1_NTA0_NTB0_NTC0_NTD4_NTE0_NTMXSA0_NTMXSB0_NTM0_NTWS0_NVn1_NVA0_NVB0_NVC0_NVD0_NVE0_NVMXSA0_NVMXSB0_NVM0_NVWS0_NEPBS0_NLCA1_NLCB1_ONLL1_PAP0_PGL0_PGR2_PLR1_PKA1_SGROB0_SIA3_SS1_SPO0_SRVW0_SSO0_SVW8_SK5_SKFTR0_SKFDPO0_SKXCCM0_SNLL0_SIP1_SGRO0_TDMI0_TDMIM0_TDMS0_TIN0_THn1_THA0_THB0_THC0_THD0_THE0_THMXSA0_THMXSB0_THM0_THWS0_TLDS0_TLDSM1_ULSGRO0_USL1_USLMX0_UIOFGRO0_UPLRP1_USFGRO0_USI0_VSn1_VWA8_VWB8_WSGRA0_WSGRB0_WS64_WG32_8_1",256,131072,0,120,384,112,"SQ_BUSY_CYCLES",11785103.000000,440249354731628,440249354892389
648,684,"Agent 2",1,613108,613108,229376,3971,"Cijk_Ailk_Bjlk_BBS_BH_Bias_HA_S_SAV_UserArgs_MT256x256x64_MI16x16x1_CMS_SN_LDSB0_AFC0_AG0_AGGSUA0_AGNTAB0_AFEM1_AFEM1_ASEM1_CD1_1_CLR1_CLS0_CADS0_DTLA1_DTLB1_DTLM0_DTVA0_DTVB0_DTVMXSA0_DTVMXSB0_DTVSM0_DPLB0_EPS0_ELFLR0_EMLLn1_FDSI0_GRPM1_GRVWA8_GRVWB8_GSU0_GSUAMB_GLS0_HPLR0_ISA950_ICIW0_IU1_K1_LDSTI0_LBSPPA0_LBSPPB0_LBSPPMXSA0_LBSPPMXSB0_LBSPPM0_LPA0_LPB0_LPMXSA0_LPMXSB0_LPM0_LRVW8_LWPMn1_MIAV0_MIWT8_8_MXLIBL_MXSFNS_MO40_MGRIPM1_NTn1_NTA0_NTB0_NTC0_NTD4_NTE0_NTMXSA0_NTMXSB0_NTM0_NTWS0_NVn1_NVA0_NVB0_NVC0_NVD0_NVE0_NVMXSA0_NVMXSB0_NVM0_NVWS0_NEPBS0_NLCA1_NLCB1_ONLL1_PAP0_PGL0_PGR2_PLR1_PKA1_SGROB0_SIA3_SS1_SPO0_SRVW0_SSO0_SVW8_SK5_SKFTR0_SKFDPO0_SKXCCM0_SNLL0_SIP1_SGRO0_TDMI0_TDMIM0_TDMS0_TIN0_THn1_THA0_THB0_THC0_THD0_THE0_THMXSA0_THMXSB0_THM0_THWS0_TLDS0_TLDSM1_ULSGRO0_USL1_USLMX0_UIOFGRO0_UPLRP1_USFGRO0_USI0_VSn1_VWA8_VWB8_WSGRA0_WSGRB0_WS64_WG32_8_1",256,131072,0,120,384,112,"SQ_INSTS_VALU_MFMA_MOPS_BF16",469762048.000000,440249354731628,440249354892389
648,684,"Agent 2",1,613108,613108,229376,3971,"Cijk_Ailk_Bjlk_BBS_BH_Bias_HA_S_SAV_UserArgs_MT256x256x64_MI16x16x1_CMS_SN_LDSB0_AFC0_AG0_AGGSUA0_AGNTAB0_AFEM1_AFEM1_ASEM1_CD1_1_CLR1_CLS0_CADS0_DTLA1_DTLB1_DTLM0_DTVA0_DTVB0_DTVMXSA0_DTVMXSB0_DTVSM0_DPLB0_EPS0_ELFLR0_EMLLn1_FDSI0_GRPM1_GRVWA8_GRVWB8_GSU0_GSUAMB_GLS0_HPLR0_ISA950_ICIW0_IU1_K1_LDSTI0_LBSPPA0_LBSPPB0_LBSPPMXSA0_LBSPPMXSB0_LBSPPM0_LPA0_LPB0_LPMXSA0_LPMXSB0_LPM0_LRVW8_LWPMn1_MIAV0_MIWT8_8_MXLIBL_MXSFNS_MO40_MGRIPM1_NTn1_NTA0_NTB0_NTC0_NTD4_NTE0_NTMXSA0_NTMXSB0_NTM0_NTWS0_NVn1_NVA0_NVB0_NVC0_NVD0_NVE0_NVMXSA0_NVMXSB0_NVM0_NVWS0_NEPBS0_NLCA1_NLCB1_ONLL1_PAP0_PGL0_PGR2_PLR1_PKA1_SGROB0_SIA3_SS1_SPO0_SRVW0_SSO0_SVW8_SK5_SKFTR0_SKFDPO0_SKXCCM0_SNLL0_SIP1_SGRO0_TDMI0_TDMIM0_TDMS0_TIN0_THn1_THA0_THB0_THC0_THD0_THE0_THMXSA0_THMXSB0_THM0_THWS0_TLDS0_TLDSM1_ULSGRO0_USL1_USLMX0_UIOFGRO0_UPLRP1_USFGRO0_USI0_VSn1_VWA8_VWB8_WSGRA0_WSGRB0_WS64_WG32_8_1",256,131072,0,120,384,112,"SQ_WAVES",3584.000000,440249354731628,440249354892389
648,685,"Agent 2",1,613108,613108,14680064,63,"loop_add_convert_fusion_2",256,0,0,36,4,32,"GRBM_GUI_ACTIVE",3305933.000000,440249354936589,440249355101111
648,685,"Agent 2",1,613108,613108,14680064,63,"loop_add_convert_fusion_2",256,0,0,36,4,32,"SQ_BUSY_CYCLES",12132980.000000,440249354936589,440249355101111
648,685,"Agent 2",1,613108,613108,14680064,63,"loop_add_convert_fusion_2",256,0,0,36,4,32,"SQ_INSTS_VALU_MFMA_MOPS_BF16",0.00000000e+00,440249354936589,440249355101111
648,685,"Agent 2",1,613108,613108,14680064,63,"loop_add_convert_fusion_2",256,0,0,36,4,32,"SQ_WAVES",229376.000000,440249354936589,440249355101111
648,686,"Agent 2",1,613108,613108,14680064,63,"loop_add_convert_fusion_2",256,0,0,36,4,32,"GRBM_GUI_ACTIVE",3725682.000000,440249355145831,440249355332072
648,686,"Agent 2",1,613108,613108,14680064,63,"loop_add_convert_fusion_2",256,0,0,36,4,32,"SQ_BUSY_CYCLES",13817014.000000,440249355145831,440249355332072
648,686,"Agent 2",1,613108,613108,14680064,63,"loop_add_convert_fusion_2",256,0,0,36,4,32,"SQ_INSTS_VALU_MFMA_MOPS_BF16",0.00000000e+00,440249355145831,440249355332072
648,686,"Agent 2",1,613108,613108,14680064,63,"loop_add_convert_fusion_2",256,0,0,36,4,32,"SQ_WAVES",229376.000000,440249355145831,440249355332072
648,687,"Agent 2",1,613108,613108,14680064,64,"loop_add_convert_fusion",256,0,0,36,4,32,"GRBM_GUI_ACTIVE",3621307.000000,440249355376033,440249355558434
648,687,"Agent 2",1,613108,613108,14680064,64,"loop_add_convert_fusion",256,0,0,36,4,32,"SQ_BUSY_CYCLES",13601142.000000,440249355376033,440249355558434
648,687,"Agent 2",1,613108,613108,14680064,64,"loop_add_convert_fusion",256,0,0,36,4,32,"SQ_INSTS_VALU_MFMA_MOPS_BF16",0.00000000e+00,440249355376033,440249355558434
648,687,"Agent 2",1,613108,613108,14680064,64,"loop_add_convert_fusion",256,0,0,36,4,32,"SQ_WAVES",229376.000000,440249355376033,440249355558434
648,688,"Agent 2",1,613108,613108,65536,1909,"Cijk_Ailk_Bljk_BBS_BH_Bias_HA_S_SAV_UserArgs_MT128x256x64_MI32x32x1_SN_LDSB0_AFC0_AG0_AGGSUA0_AGNTAB0_AFEM1_AFEM1_ASEM1_CD1_1_CLR1_CLS0_CADS0_DTLA0_DTLB0_DTLM0_DTVA0_DTVB0_DTVMXSA0_DTVMXSB0_DTVSM0_DPLB0_EPS0_ELFLR0_EMLLn1_FDSI0_GRPM1_GRVWA8_GRVWB8_GSU0_GSUAMB_GLS0_HPLR0_ISA950_ICIW0_IU1_K1_LDSTI0_LBSPPA0_LBSPPB512_LBSPPMXSA0_LBSPPMXSB0_LBSPPM0_LPA0_LPB8_LPMXSA0_LPMXSB0_LPM0_LRVW8_LWPMn1_MIAV0_MIWT2_4_MXLIBL_MXSFNS_MO40_MGRIPM1_NTn1_NTA0_NTB0_NTC4_NTD4_NTE0_NTMXSA0_NTMXSB0_NTM0_NTWS0_NVn1_NVA0_NVB0_NVC0_NVD0_NVE0_NVMXSA0_NVMXSB0_NVM0_NVWS0_NEPBS16_NLCA1_NLCB1_ONLL1_PAP0_PGL0_PGR2_PLR1_PKA1_SGROB0_SIA3_SS1_SPO1_SRVW0_SSO4_SVW2_SK5_SKFTR0_SKFDPO0_SKXCCM0_SNLL0_SIP1_SGRO0_TDMI0_TDMIM0_TDMS0_TIN0_THn1_THA0_THB0_THC0_THD0_THE0_THMXSA0_THMXSB0_THM0_THWS0_TLDS1_TLDSM1_ULSGRO0_USL1_USLMX0_UIOFGRO0_UPLRP0_USFGROn1_USI0_VSn1_VWA2_VWB4_WSGRA0_WSGRB0_WS64_WG64_4_1",256,115712,0,48,256,96,"GRBM_GUI_ACTIVE",2315345.000000,440249355600154,440249355713515
648,688,"Agent 2",1,613108,613108,65536,1909,"Cijk_Ailk_Bljk_BBS_BH_Bias_HA_S_SAV_UserArgs_MT128x256x64_MI32x32x1_SN_LDSB0_AFC0_AG0_AGGSUA0_AGNTAB0_AFEM1_AFEM1_ASEM1_CD1_1_CLR1_CLS0_CADS0_DTLA0_DTLB0_DTLM0_DTVA0_DTVB0_DTVMXSA0_DTVMXSB0_DTVSM0_DPLB0_EPS0_ELFLR0_EMLLn1_FDSI0_GRPM1_GRVWA8_GRVWB8_GSU0_GSUAMB_GLS0_HPLR0_ISA950_ICIW0_IU1_K1_LDSTI0_LBSPPA0_LBSPPB512_LBSPPMXSA0_LBSPPMXSB0_LBSPPM0_LPA0_LPB8_LPMXSA0_LPMXSB0_LPM0_LRVW8_LWPMn1_MIAV0_MIWT2_4_MXLIBL_MXSFNS_MO40_MGRIPM1_NTn1_NTA0_NTB0_NTC4_NTD4_NTE0_NTMXSA0_NTMXSB0_NTM0_NTWS0_NVn1_NVA0_NVB0_NVC0_NVD0_NVE0_NVMXSA0_NVMXSB0_NVM0_NVWS0_NEPBS16_NLCA1_NLCB1_ONLL1_PAP0_PGL0_PGR2_PLR1_PKA1_SGROB0_SIA3_SS1_SPO1_SRVW0_SSO4_SVW2_SK5_SKFTR0_SKFDPO0_SKXCCM0_SNLL0_SIP1_SGRO0_TDMI0_TDMIM0_TDMS0_TIN0_THn1_THA0_THB0_THC0_THD0_THE0_THMXSA0_THMXSB0_THM0_THWS0_TLDS1_TLDSM1_ULSGRO0_USL1_USLMX0_UIOFGRO0_UPLRP0_USFGROn1_USI0_VSn1_VWA2_VWB4_WSGRA0_WSGRB0_WS64_WG64_4_1",256,115712,0,48,256,96,"SQ_BUSY_CYCLES",8610480.000000,440249355600154,440249355713515
648,688,"Agent 2",1,613108,613108,65536,1909,"Cijk_Ailk_Bljk_BBS_BH_Bias_HA_S_SAV_UserArgs_MT128x256x64_MI32x32x1_SN_LDSB0_AFC0_AG0_AGGSUA0_AGNTAB0_AFEM1_AFEM1_ASEM1_CD1_1_CLR1_CLS0_CADS0_DTLA0_DTLB0_DTLM0_DTVA0_DTVB0_DTVMXSA0_DTVMXSB0_DTVSM0_DPLB0_EPS0_ELFLR0_EMLLn1_FDSI0_GRPM1_GRVWA8_GRVWB8_GSU0_GSUAMB_GLS0_HPLR0_ISA950_ICIW0_IU1_K1_LDSTI0_LBSPPA0_LBSPPB512_LBSPPMXSA0_LBSPPMXSB0_LBSPPM0_LPA0_LPB8_LPMXSA0_LPMXSB0_LPM0_LRVW8_LWPMn1_MIAV0_MIWT2_4_MXLIBL_MXSFNS_MO40_MGRIPM1_NTn1_NTA0_NTB0_NTC4_NTD4_NTE0_NTMXSA0_NTMXSB0_NTM0_NTWS0_NVn1_NVA0_NVB0_NVC0_NVD0_NVE0_NVMXSA0_NVMXSB0_NVM0_NVWS0_NEPBS16_NLCA1_NLCB1_ONLL1_PAP0_PGL0_PGR2_PLR1_PKA1_SGROB0_SIA3_SS1_SPO1_SRVW0_SSO4_SVW2_SK5_SKFTR0_SKFDPO0_SKXCCM0_SNLL0_SIP1_SGRO0_TDMI0_TDMIM0_TDMS0_TIN0_THn1_THA0_THB0_THC0_THD0_THE0_THMXSA0_THMXSB0_THM0_THWS0_TLDS1_TLDSM1_ULSGRO0_USL1_USLMX0_UIOFGRO0_UPLRP0_USFGROn1_USI0_VSn1_VWA2_VWB4_WSGRA0_WSGRB0_WS64_WG64_4_1",256,115712,0,48,256,96,"SQ_INSTS_VALU_MFMA_MOPS_BF16",67108864.000000,440249355600154,440249355713515
648,688,"Agent 2",1,613108,613108,65536,1909,"Cijk_Ailk_Bljk_BBS_BH_Bias_HA_S_SAV_UserArgs_MT128x256x64_MI32x32x1_SN_LDSB0_AFC0_AG0_AGGSUA0_AGNTAB0_AFEM1_AFEM1_ASEM1_CD1_1_CLR1_CLS0_CADS0_DTLA0_DTLB0_DTLM0_DTVA0_DTVB0_DTVMXSA0_DTVMXSB0_DTVSM0_DPLB0_EPS0_ELFLR0_EMLLn1_FDSI0_GRPM1_GRVWA8_GRVWB8_GSU0_GSUAMB_GLS0_HPLR0_ISA950_ICIW0_IU1_K1_LDSTI0_LBSPPA0_LBSPPB512_LBSPPMXSA0_LBSPPMXSB0_LBSPPM0_LPA0_LPB8_LPMXSA0_LPMXSB0_LPM0_LRVW8_LWPMn1_MIAV0_MIWT2_4_MXLIBL_MXSFNS_MO40_MGRIPM1_NTn1_NTA0_NTB0_NTC4_NTD4_NTE0_NTMXSA0_NTMXSB0_NTM0_NTWS0_NVn1_NVA0_NVB0_NVC0_NVD0_NVE0_NVMXSA0_NVMXSB0_NVM0_NVWS0_NEPBS16_NLCA1_NLCB1_ONLL1_PAP0_PGL0_PGR2_PLR1_PKA1_SGROB0_SIA3_SS1_SPO1_SRVW0_SSO4_SVW2_SK5_SKFTR0_SKFDPO0_SKXCCM0_SNLL0_SIP1_SGRO0_TDMI0_TDMIM0_TDMS0_TIN0_THn1_THA0_THB0_THC0_THD0_THE0_THMXSA0_THMXSB0_THM0_THWS0_TLDS1_TLDSM1_ULSGRO0_USL1_USLMX0_UIOFGRO0_UPLRP0_USFGROn1_USI0_VSn1_VWA2_VWB4_WSGRA0_WSGRB0_WS64_WG64_4_1",256,115712,0,48,256,96,"SQ_WAVES",1024.000000,440249355600154,440249355713515
648,689,"Agent 2",1,613108,613108,2097152,65,"fusion_35",512,0,312,128,128,48,"GRBM_GUI_ACTIVE",11031476.000000,440249355757116,440249356325880
648,689,"Agent 2",1,613108,613108,2097152,65,"fusion_35",512,0,312,128,128,48,"SQ_BUSY_CYCLES",42436234.000000,440249355757116,440249356325880
648,689,"Agent 2",1,613108,613108,2097152,65,"fusion_35",512,0,312,128,128,48,"SQ_INSTS_VALU_MFMA_MOPS_BF16",0.00000000e+00,440249355757116,440249356325880
648,689,"Agent 2",1,613108,613108,2097152,65,"fusion_35",512,0,312,128,128,48,"SQ_WAVES",32768.000000,440249355757116,440249356325880
648,690,"Agent 2",1,613108,613108,65536,4699,"Cijk_Ailk_Bjlk_BSS_BH_Bias_S_HA_S_SAV_UserArgs_MT128x256x32_MI16x16x1_SN_LDSB1_AFC0_AG0_AGGSUA0_AGNTAB0_AFEM1_AFEM1_ASEM1_CD1_1_CLR0_CLS0_CADS0_DTLA0_DTLB0_DTLM0_DTVA0_DTVB0_DTVMXSA0_DTVMXSB0_DTVSM0_DPLB0_EPS0_ELFLR0_EMLLn1_FDSI0_GRPM1_GRVWA8_GRVWB8_GSU0_GSUAMB_GLS0_HPLR0_ISA950_ICIW0_IU1_K1_LDSTI0_LBSPPA0_LBSPPB0_LBSPPMXSA0_LBSPPMXSB0_LBSPPM0_LPA0_LPB0_LPMXSA0_LPMXSB0_LPM0_LRVW8_LWPMn1_MIAV0_MIWT4_8_MXLIBL_MXSFNS_MO40_MGRIPM2_NTn1_NTA0_NTB0_NTC0_NTD0_NTE0_NTMXSA0_NTMXSB0_NTM0_NTWS0_NVn1_NVA0_NVB0_NVC0_NVD0_NVE0_NVMXSA0_NVMXSB0_NVM0_NVWS0_NEPBS0_NLCA1_NLCB1_ONLL1_PAP0_PGL0_PGR2_PLR0_PKA1_SGROB0_SIA3_SS1_SPO0_SRVW0_SSO0_SVW4_SK5_SKFTR0_SKFDPO0_SKXCCM0_SNLL0_SIP1_SGRO0_TDMI0_TDMIM0_TDMS0_TIN0_THn1_THA0_THB0_THC0_THD0_THE0_THMXSA0_THMXSB0_THM0_THWS0_TLDS0_TLDSM1_ULSGRO0_USL1_USLMX0_UIOFGRO0_UPLRP0_USFGRO0_USI0_VSn1_VWA4_VWB8_WSGRA0_WSGRB0_WS64_WG32_8_1",256,24576,0,128,256,96,"GRBM_GUI_ACTIVE",1616059.000000,440249356368520,440249356445521
648,690,"Agent 2",1,613108,613108,65536,4699,"Cijk_Ailk_Bjlk_BSS_BH_Bias_S_HA_S_SAV_UserArgs_MT128x256x32_MI16x16x1_SN_LDSB1_AFC0_AG0_AGGSUA0_AGNTAB0_AFEM1_AFEM1_ASEM1_CD1_1_CLR0_CLS0_CADS0_DTLA0_DTLB0_DTLM0_DTVA0_DTVB0_DTVMXSA0_DTVMXSB0_DTVSM0_DPLB0_EPS0_ELFLR0_EMLLn1_FDSI0_GRPM1_GRVWA8_GRVWB8_GSU0_GSUAMB_GLS0_HPLR0_ISA950_ICIW0_IU1_K1_LDSTI0_LBSPPA0_LBSPPB0_LBSPPMXSA0_LBSPPMXSB0_LBSPPM0_LPA0_LPB0_LPMXSA0_LPMXSB0_LPM0_LRVW8_LWPMn1_MIAV0_MIWT4_8_MXLIBL_MXSFNS_MO40_MGRIPM2_NTn1_NTA0_NTB0_NTC0_NTD0_NTE0_NTMXSA0_NTMXSB0_NTM0_NTWS0_NVn1_NVA0_NVB0_NVC0_NVD0_NVE0_NVMXSA0_NVMXSB0_NVM0_NVWS0_NEPBS0_NLCA1_NLCB1_ONLL1_PAP0_PGL0_PGR2_PLR0_PKA1_SGROB0_SIA3_SS1_SPO0_SRVW0_SSO0_SVW4_SK5_SKFTR0_SKFDPO0_SKXCCM0_SNLL0_SIP1_SGRO0_TDMI0_TDMIM0_TDMS0_TIN0_THn1_THA0_THB0_THC0_THD0_THE0_THMXSA0_THMXSB0_THM0_THWS0_TLDS0_TLDSM1_ULSGRO0_USL1_USLMX0_UIOFGRO0_UPLRP0_USFGRO0_USI0_VSn1_VWA4_VWB8_WSGRA0_WSGRB0_WS64_WG32_8_1",256,24576,0,128,256,96,"SQ_BUSY_CYCLES",5237122.000000,440249356368520,440249356445521
648,690,"Agent 2",1,613108,613108,65536,4699,"Cijk_Ailk_Bjlk_BSS_BH_Bias_S_HA_S_SAV_UserArgs_MT128x256x32_MI16x16x1_SN_LDSB1_AFC0_AG0_AGGSUA0_AGNTAB0_AFEM1_AFEM1_ASEM1_CD1_1_CLR0_CLS0_CADS0_DTLA0_DTLB0_DTLM0_DTVA0_DTVB0_DTVMXSA0_DTVMXSB0_DTVSM0_DPLB0_EPS0_ELFLR0_EMLLn1_FDSI0_GRPM1_GRVWA8_GRVWB8_GSU0_GSUAMB_GLS0_HPLR0_ISA950_ICIW0_IU1_K1_LDSTI0_LBSPPA0_LBSPPB0_LBSPPMXSA0_LBSPPMXSB0_LBSPPM0_LPA0_LPB0_LPMXSA0_LPMXSB0_LPM0_LRVW8_LWPMn1_MIAV0_MIWT4_8_MXLIBL_MXSFNS_MO40_MGRIPM2_NTn1_NTA0_NTB0_NTC0_NTD0_NTE0_NTMXSA0_NTMXSB0_NTM0_NTWS0_NVn1_NVA0_NVB0_NVC0_NVD0_NVE0_NVMXSA0_NVMXSB0_NVM0_NVWS0_NEPBS0_NLCA1_NLCB1_ONLL1_PAP0_PGL0_PGR2_PLR0_PKA1_SGROB0_SIA3_SS1_SPO0_SRVW0_SSO0_SVW4_SK5_SKFTR0_SKFDPO0_SKXCCM0_SNLL0_SIP1_SGRO0_TDMI0_TDMIM0_TDMS0_TIN0_THn1_THA0_THB0_THC0_THD0_THE0_THMXSA0_THMXSB0_THM0_THWS0_TLDS0_TLDSM1_ULSGRO0_USL1_USLMX0_UIOFGRO0_UPLRP0_USFGRO0_USI0_VSn1_VWA4_VWB8_WSGRA0_WSGRB0_WS64_WG32_8_1",256,24576,0,128,256,96,"SQ_INSTS_VALU_MFMA_MOPS_BF16",67108864.000000,440249356368520,440249356445521
648,690,"Agent 2",1,613108,613108,65536,4699,"Cijk_Ailk_Bjlk_BSS_BH_Bias_S_HA_S_SAV_UserArgs_MT128x256x32_MI16x16x1_SN_LDSB1_AFC0_AG0_AGGSUA0_AGNTAB0_AFEM1_AFEM1_ASEM1_CD1_1_CLR0_CLS0_CADS0_DTLA0_DTLB0_DTLM0_DTVA0_DTVB0_DTVMXSA0_DTVMXSB0_DTVSM0_DPLB0_EPS0_ELFLR0_EMLLn1_FDSI0_GRPM1_GRVWA8_GRVWB8_GSU0_GSUAMB_GLS0_HPLR0_ISA950_ICIW0_IU1_K1_LDSTI0_LBSPPA0_LBSPPB0_LBSPPMXSA0_LBSPPMXSB0_LBSPPM0_LPA0_LPB0_LPMXSA0_LPMXSB0_LPM0_LRVW8_LWPMn1_MIAV0_MIWT4_8_MXLIBL_MXSFNS_MO40_MGRIPM2_NTn1_NTA0_NTB0_NTC0_NTD0_NTE0_NTMXSA0_NTMXSB0_NTM0_NTWS0_NVn1_NVA0_NVB0_NVC0_NVD0_NVE0_NVMXSA0_NVMXSB0_NVM0_NVWS0_NEPBS0_NLCA1_NLCB1_ONLL1_PAP0_PGL0_PGR2_PLR0_PKA1_SGROB0_SIA3_SS1_SPO0_SRVW0_SSO0_SVW4_SK5_SKFTR0_SKFDPO0_SKXCCM0_SNLL0_SIP1_SGRO0_TDMI0_TDMIM0_TDMS0_TIN0_THn1_THA0_THB0_THC0_THD0_THE0_THMXSA0_THMXSB0_THM0_THWS0_TLDS0_TLDSM1_ULSGRO0_USL1_USLMX0_UIOFGRO0_UPLRP0_USFGRO0_USI0_VSn1_VWA4_VWB8_WSGRA0_WSGRB0_WS64_WG32_8_1",256,24576,0,128,256,96,"SQ_WAVES",1024.000000,440249356368520,440249356445521
648,691,"Agent 2",1,613108,613108,65536,5235,"Cijk_Alik_Bljk_BSS_BH_Bias_S_HA_S_SAV_UserArgs_MT128x256x64_MI16x16x1_SN_LDSB1_AFC0_AG0_AGGSUA0_AGNTAB0_AFEM1_AFEM1_ASEM1_CD1_1_CLR1_CLS0_CADS0_DTLA0_DTLB0_DTLM0_DTVA0_DTVB0_DTVMXSA0_DTVMXSB0_DTVSM0_DPLB0_EPS0_ELFLR0_EMLLn1_FDSI0_GRPM1_GRVWA8_GRVWB8_GSU0_GSUAMB_GLS0_HPLR0_ISA950_ICIW0_IU1_K1_LDSTI0_LBSPPA512_LBSPPB1024_LBSPPMXSA0_LBSPPMXSB0_LBSPPM0_LPA16_LPB16_LPMXSA0_LPMXSB0_LPM0_LRVW8_LWPMn1_MIAV0_MIWT4_8_MXLIBL_MXSFNS_MO40_MGRIPM1_NTn1_NTA0_NTB4_NTC0_NTD0_NTE0_NTMXSA0_NTMXSB0_NTM0_NTWS0_NVn1_NVA0_NVB0_NVC0_NVD0_NVE0_NVMXSA0_NVMXSB0_NVM0_NVWS0_NEPBS0_NLCA1_NLCB1_ONLL1_PAP0_PGL0_PGR2_PLR1_PKA1_SGROB0_SIA3_SS1_SPO0_SRVW0_SSO0_SVW4_SK5_SKFTR0_SKFDPO0_SKXCCM0_SNLL0_SIP1_SGRO0_TDMI0_TDMIM0_TDMS0_TIN0_THn1_THA0_THB0_THC0_THD0_THE0_THMXSA0_THMXSB0_THM0_THWS0_TLDS1_TLDSM1_ULSGRO0_USL1_USLMX0_UIOFGRO0_UPLRP0_USFGRO0_USI0_VSn1_VWA4_VWB8_WSGRA0_WSGRB0_WS64_WG32_8_1",256,51200,0,128,256,96,"GRBM_GUI_ACTIVE",1408168.000000,440249356492681,440249356558562
648,691,"Agent 2",1,613108,613108,65536,5235,"Cijk_Alik_Bljk_BSS_BH_Bias_S_HA_S_SAV_UserArgs_MT128x256x64_MI16x16x1_SN_LDSB1_AFC0_AG0_AGGSUA0_AGNTAB0_AFEM1_AFEM1_ASEM1_CD1_1_CLR1_CLS0_CADS0_DTLA0_DTLB0_DTLM0_DTVA0_DTVB0_DTVMXSA0_DTVMXSB0_DTVSM0_DPLB0_EPS0_ELFLR0_EMLLn1_FDSI0_GRPM1_GRVWA8_GRVWB8_GSU0_GSUAMB_GLS0_HPLR0_ISA950_ICIW0_IU1_K1_LDSTI0_LBSPPA512_LBSPPB1024_LBSPPMXSA0_LBSPPMXSB0_LBSPPM0_LPA16_LPB16_LPMXSA0_LPMXSB0_LPM0_LRVW8_LWPMn1_MIAV0_MIWT4_8_MXLIBL_MXSFNS_MO40_MGRIPM1_NTn1_NTA0_NTB4_NTC0_NTD0_NTE0_NTMXSA0_NTMXSB0_NTM0_NTWS0_NVn1_NVA0_NVB0_NVC0_NVD0_NVE0_NVMXSA0_NVMXSB0_NVM0_NVWS0_NEPBS0_NLCA1_NLCB1_ONLL1_PAP0_PGL0_PGR2_PLR1_PKA1_SGROB0_SIA3_SS1_SPO0_SRVW0_SSO0_SVW4_SK5_SKFTR0_SKFDPO0_SKXCCM0_SNLL0_SIP1_SGRO0_TDMI0_TDMIM0_TDMS0_TIN0_THn1_THA0_THB0_THC0_THD0_THE0_THMXSA0_THMXSB0_THM0_THWS0_TLDS1_TLDSM1_ULSGRO0_USL1_USLMX0_UIOFGRO0_UPLRP0_USFGRO0_USI0_VSn1_VWA4_VWB8_WSGRA0_WSGRB0_WS64_WG32_8_1",256,51200,0,128,256,96,"SQ_BUSY_CYCLES",4319587.000000,440249356492681,440249356558562
648,691,"Agent 2",1,613108,613108,65536,5235,"Cijk_Alik_Bljk_BSS_BH_Bias_S_HA_S_SAV_UserArgs_MT128x256x64_MI16x16x1_SN_LDSB1_AFC0_AG0_AGGSUA0_AGNTAB0_AFEM1_AFEM1_ASEM1_CD1_1_CLR1_CLS0_CADS0_DTLA0_DTLB0_DTLM0_DTVA0_DTVB0_DTVMXSA0_DTVMXSB0_DTVSM0_DPLB0_EPS0_ELFLR0_EMLLn1_FDSI0_GRPM1_GRVWA8_GRVWB8_GSU0_GSUAMB_GLS0_HPLR0_ISA950_ICIW0_IU1_K1_LDSTI0_LBSPPA512_LBSPPB1024_LBSPPMXSA0_LBSPPMXSB0_LBSPPM0_LPA16_LPB16_LPMXSA0_LPMXSB0_LPM0_LRVW8_LWPMn1_MIAV0_MIWT4_8_MXLIBL_MXSFNS_MO40_MGRIPM1_NTn1_NTA0_NTB4_NTC0_NTD0_NTE0_NTMXSA0_NTMXSB0_NTM0_NTWS0_NVn1_NVA0_NVB0_NVC0_NVD0_NVE0_NVMXSA0_NVMXSB0_NVM0_NVWS0_NEPBS0_NLCA1_NLCB1_ONLL1_PAP0_PGL0_PGR2_PLR1_PKA1_SGROB0_SIA3_SS1_SPO0_SRVW0_SSO0_SVW4_SK5_SKFTR0_SKFDPO0_SKXCCM0_SNLL0_SIP1_SGRO0_TDMI0_TDMIM0_TDMS0_TIN0_THn1_THA0_THB0_THC0_THD0_THE0_THMXSA0_THMXSB0_THM0_THWS0_TLDS1_TLDSM1_ULSGRO0_USL1_USLMX0_UIOFGRO0_UPLRP0_USFGRO0_USI0_VSn1_VWA4_VWB8_WSGRA0_WSGRB0_WS64_WG32_8_1",256,51200,0,128,256,96,"SQ_INSTS_VALU_MFMA_MOPS_BF16",67108864.000000,440249356492681,440249356558562
648,691,"Agent 2",1,613108,613108,65536,5235,"Cijk_Alik_Bljk_BSS_BH_Bias_S_HA_S_SAV_UserArgs_MT128x256x64_MI16x16x1_SN_LDSB1_AFC0_AG0_AGGSUA0_AGNTAB0_AFEM1_AFEM1_ASEM1_CD1_1_CLR1_CLS0_CADS0_DTLA0_DTLB0_DTLM0_DTVA0_DTVB0_DTVMXSA0_DTVMXSB0_DTVSM0_DPLB0_EPS0_ELFLR0_EMLLn1_FDSI0_GRPM1_GRVWA8_GRVWB8_GSU0_GSUAMB_GLS0_HPLR0_ISA950_ICIW0_IU1_K1_LDSTI0_LBSPPA512_LBSPPB1024_LBSPPMXSA0_LBSPPMXSB0_LBSPPM0_LPA16_LPB16_LPMXSA0_LPMXSB0_LPM0_LRVW8_LWPMn1_MIAV0_MIWT4_8_MXLIBL_MXSFNS_MO40_MGRIPM1_NTn1_NTA0_NTB4_NTC0_NTD0_NTE0_NTMXSA0_NTMXSB0_NTM0_NTWS0_NVn1_NVA0_NVB0_NVC0_NVD0_NVE0_NVMXSA0_NVMXSB0_NVM0_NVWS0_NEPBS0_NLCA1_NLCB1_ONLL1_PAP0_PGL0_PGR2_PLR1_PKA1_SGROB0_SIA3_SS1_SPO0_SRVW0_SSO0_SVW4_SK5_SKFTR0_SKFDPO0_SKXCCM0_SNLL0_SIP1_SGRO0_TDMI0_TDMIM0_TDMS0_TIN0_THn1_THA0_THB0_THC0_THD0_THE0_THMXSA0_THMXSB0_THM0_THWS0_TLDS1_TLDSM1_ULSGRO0_USL1_USLMX0_UIOFGRO0_UPLRP0_USFGRO0_USI0_VSn1_VWA4_VWB8_WSGRA0_WSGRB0_WS64_WG32_8_1",256,51200,0,128,256,96,"SQ_WAVES",1024.000000,440249356492681,440249356558562
648,692,"Agent 2",1,613108,613108,131072,66,"input_transpose_fusion_3",256,8192,0,44,4,16,"GRBM_GUI_ACTIVE",281279.000000,440249356604202,440249356611722
648,692,"Agent 2",1,613108,613108,131072,66,"input_transpose_fusion_3",256,8192,0,44,4,16,"SQ_BUSY_CYCLES",454383.000000,440249356604202,440249356611722
648,692,"Agent 2",1,613108,613108,131072,66,"input_transpose_fusion_3",256,8192,0,44,4,16,"SQ_INSTS_VALU_MFMA_MOPS_BF16",0.00000000e+00,440249356604202,440249356611722
648,692,"Agent 2",1,613108,613108,131072,66,"input_transpose_fusion_3",256,8192,0,44,4,16,"SQ_WAVES",2048.000000,440249356604202,440249356611722
648,693,"Agent 2",1,613108,613108,524288,67,"input_transpose_fusion_2",256,8192,0,32,0,16,"GRBM_GUI_ACTIVE",293268.000000,440249356655563,440249356663923
648,693,"Agent 2",1,613108,613108,524288,67,"input_transpose_fusion_2",256,8192,0,32,0,16,"SQ_BUSY_CYCLES",487812.000000,440249356655563,440249356663923
648,693,"Agent 2",1,613108,613108,524288,67,"input_transpose_fusion_2",256,8192,0,32,0,16,"SQ_INSTS_VALU_MFMA_MOPS_BF16",0.00000000e+00,440249356655563,440249356663923
648,693,"Agent 2",1,613108,613108,524288,67,"input_transpose_fusion_2",256,8192,0,32,0,16,"SQ_WAVES",8192.000000,440249356655563,440249356663923
648,694,"Agent 2",1,613108,613108,2097152,68,"input_concatenate_fusion",256,0,0,20,4,32,"GRBM_GUI_ACTIVE",346672.000000,440249356708603,440249356719403
648,694,"Agent 2",1,613108,613108,2097152,68,"input_concatenate_fusion",256,0,0,20,4,32,"SQ_BUSY_CYCLES",635104.000000,440249356708603,440249356719403
648,694,"Agent 2",1,613108,613108,2097152,68,"input_concatenate_fusion",256,0,0,20,4,32,"SQ_INSTS_VALU_MFMA_MOPS_BF16",0.00000000e+00,440249356708603,440249356719403
648,694,"Agent 2",1,613108,613108,2097152,68,"input_concatenate_fusion",256,0,0,20,4,32,"SQ_WAVES",32768.000000,440249356708603,440249356719403
648,695,"Agent 2",1,613108,613108,65536,5734,"Cijk_Alik_Bjlk_BBS_BH_Bias_HA_S_SAV_UserArgs_MT192x256x64_MI16x16x1_SN_LDSB0_AFC0_AG0_AGGSUA0_AGNTAB0_AFEM1_AFEM1_ASEM1_CD1_1_CLR1_CLS0_CADS0_DTLA0_DTLB0_DTLM0_DTVA0_DTVB0_DTVMXSA0_DTVMXSB0_DTVSM0_DPLB0_EPS0_ELFLR0_EMLLn1_FDSI0_GRPM1_GRVWA8_GRVWB8_GSU0_GSUAMB_GLS0_HPLR0_ISA950_ICIW0_IU1_K1_LDSTI0_LBSPPA256_LBSPPB0_LBSPPMXSA0_LBSPPMXSB0_LBSPPM0_LPA16_LPB0_LPMXSA0_LPMXSB0_LPM0_LRVW8_LWPMn1_MIAV0_MIWT6_8_MXLIBL_MXSFNS_MO40_MGRIPM1_NTn1_NTA0_NTB0_NTC0_NTD0_NTE0_NTMXSA0_NTMXSB0_NTM0_NTWS0_NVn1_NVA0_NVB0_NVC0_NVD0_NVE0_NVMXSA0_NVMXSB0_NVM0_NVWS0_NEPBS0_NLCA1_NLCB1_ONLL1_PAP0_PGL0_PGR2_PLR1_PKA1_SGROB0_SIA3_SS1_SPO0_SRVW0_SSO0_SVW2_SK5_SKFTR0_SKFDPO0_SKXCCM0_SNLL0_SIP1_SGRO0_TDMI0_TDMIM0_TDMS0_TIN0_THn1_THA0_THB0_THC0_THD0_THE0_THMXSA0_THMXSB0_THM0_THWS0_TLDS1_TLDSM1_ULSGRO0_USL1_USLMX0_UIOFGRO0_UPLRP0_USFGRO0_USI0_VSn1_VWA2_VWB8_WSGRA0_WSGRB0_WS64_WG32_8_1",256,125952,0,128,320,96,"GRBM_GUI_ACTIVE",1667213.000000,440249356762364,440249356844924
648,695,"Agent 2",1,613108,613108,65536,5734,"Cijk_Alik_Bjlk_BBS_BH_Bias_HA_S_SAV_UserArgs_MT192x256x64_MI16x16x1_SN_LDSB0_AFC0_AG0_AGGSUA0_AGNTAB0_AFEM1_AFEM1_ASEM1_CD1_1_CLR1_CLS0_CADS0_DTLA0_DTLB0_DTLM0_DTVA0_DTVB0_DTVMXSA0_DTVMXSB0_DTVSM0_DPLB0_EPS0_ELFLR0_EMLLn1_FDSI0_GRPM1_GRVWA8_GRVWB8_GSU0_GSUAMB_GLS0_HPLR0_ISA950_ICIW0_IU1_K1_LDSTI0_LBSPPA256_LBSPPB0_LBSPPMXSA0_LBSPPMXSB0_LBSPPM0_LPA16_LPB0_LPMXSA0_LPMXSB0_LPM0_LRVW8_LWPMn1_MIAV0_MIWT6_8_MXLIBL_MXSFNS_MO40_MGRIPM1_NTn1_NTA0_NTB0_NTC0_NTD0_NTE0_NTMXSA0_NTMXSB0_NTM0_NTWS0_NVn1_NVA0_NVB0_NVC0_NVD0_NVE0_NVMXSA0_NVMXSB0_NVM0_NVWS0_NEPBS0_NLCA1_NLCB1_ONLL1_PAP0_PGL0_PGR2_PLR1_PKA1_SGROB0_SIA3_SS1_SPO0_SRVW0_SSO0_SVW2_SK5_SKFTR0_SKFDPO0_SKXCCM0_SNLL0_SIP1_SGRO0_TDMI0_TDMIM0_TDMS0_TIN0_THn1_THA0_THB0_THC0_THD0_THE0_THMXSA0_THMXSB0_THM0_THWS0_TLDS1_TLDSM1_ULSGRO0_USL1_USLMX0_UIOFGRO0_UPLRP0_USFGRO0_USI0_VSn1_VWA2_VWB8_WSGRA0_WSGRB0_WS64_WG32_8_1",256,125952,0,128,320,96,"SQ_BUSY_CYCLES",5835742.000000,440249356762364,440249356844924
648,695,"Agent 2",1,613108,613108,65536,5734,"Cijk_Alik_Bjlk_BBS_BH_Bias_HA_S_SAV_UserArgs_MT192x256x64_MI16x16x1_SN_LDSB0_AFC0_AG0_AGGSUA0_AGNTAB0_AFEM1_AFEM1_ASEM1_CD1_1_CLR1_CLS0_CADS0_DTLA0_DTLB0_DTLM0_DTVA0_DTVB0_DTVMXSA0_DTVMXSB0_DTVSM0_DPLB0_EPS0_ELFLR0_EMLLn1_FDSI0_GRPM1_GRVWA8_GRVWB8_GSU0_GSUAMB_GLS0_HPLR0_ISA950_ICIW0_IU1_K1_LDSTI0_LBSPPA256_LBSPPB0_LBSPPMXSA0_LBSPPMXSB0_LBSPPM0_LPA16_LPB0_LPMXSA0_LPMXSB0_LPM0_LRVW8_LWPMn1_MIAV0_MIWT6_8_MXLIBL_MXSFNS_MO40_MGRIPM1_NTn1_NTA0_NTB0_NTC0_NTD0_NTE0_NTMXSA0_NTMXSB0_NTM0_NTWS0_NVn1_NVA0_NVB0_NVC0_NVD0_NVE0_NVMXSA0_NVMXSB0_NVM0_NVWS0_NEPBS0_NLCA1_NLCB1_ONLL1_PAP0_PGL0_PGR2_PLR1_PKA1_SGROB0_SIA3_SS1_SPO0_SRVW0_SSO0_SVW2_SK5_SKFTR0_SKFDPO0_SKXCCM0_SNLL0_SIP1_SGRO0_TDMI0_TDMIM0_TDMS0_TIN0_THn1_THA0_THB0_THC0_THD0_THE0_THMXSA0_THMXSB0_THM0_THWS0_TLDS1_TLDSM1_ULSGRO0_USL1_USLMX0_UIOFGRO0_UPLRP0_USFGRO0_USI0_VSn1_VWA2_VWB8_WSGRA0_WSGRB0_WS64_WG32_8_1",256,125952,0,128,320,96,"SQ_INSTS_VALU_MFMA_MOPS_BF16",201326592.000000,440249356762364,440249356844924
648,695,"Agent 2",1,613108,613108,65536,5734,"Cijk_Alik_Bjlk_BBS_BH_Bias_HA_S_SAV_UserArgs_MT192x256x64_MI16x16x1_SN_LDSB0_AFC0_AG0_AGGSUA0_AGNTAB0_AFEM1_AFEM1_ASEM1_CD1_1_CLR1_CLS0_CADS0_DTLA0_DTLB0_DTLM0_DTVA0_DTVB0_DTVMXSA0_DTVMXSB0_DTVSM0_DPLB0_EPS0_ELFLR0_EMLLn1_FDSI0_GRPM1_GRVWA8_GRVWB8_GSU0_GSUAMB_GLS0_HPLR0_ISA950_ICIW0_IU1_K1_LDSTI0_LBSPPA256_LBSPPB0_LBSPPMXSA0_LBSPPMXSB0_LBSPPM0_LPA16_LPB0_LPMXSA0_LPMXSB0_LPM0_LRVW8_LWPMn1_MIAV0_MIWT6_8_MXLIBL_MXSFNS_MO40_MGRIPM1_NTn1_NTA0_NTB0_NTC0_NTD0_NTE0_NTMXSA0_NTMXSB0_NTM0_NTWS0_NVn1_NVA0_NVB0_NVC0_NVD0_NVE0_NVMXSA0_NVMXSB0_NVM0_NVWS0_NEPBS0_NLCA1_NLCB1_ONLL1_PAP0_PGL0_PGR2_PLR1_PKA1_SGROB0_SIA3_SS1_SPO0_SRVW0_SSO0_SVW2_SK5_SKFTR0_SKFDPO0_SKXCCM0_SNLL0_SIP1_SGRO0_TDMI0_TDMIM0_TDMS0_TIN0_THn1_THA0_THB0_THC0_THD0_THE0_THMXSA0_THMXSB0_THM0_THWS0_TLDS1_TLDSM1_ULSGRO0_USL1_USLMX0_UIOFGRO0_UPLRP0_USFGRO0_USI0_VSn1_VWA2_VWB8_WSGRA0_WSGRB0_WS64_WG32_8_1",256,125952,0,128,320,96,"SQ_WAVES",1024.000000,440249356762364,440249356844924
648,696,"Agent 2",1,613108,613108,1048576,69,"loop_add_convert_fusion_5",256,0,0,44,4,48,"GRBM_GUI_ACTIVE",574727.000000,440249356889884,440249356912965
648,696,"Agent 2",1,613108,613108,1048576,69,"loop_add_convert_fusion_5",256,0,0,44,4,48,"SQ_BUSY_CYCLES",1511712.000000,440249356889884,440249356912965
648,696,"Agent 2",1,613108,613108,1048576,69,"loop_add_convert_fusion_5",256,0,0,44,4,48,"SQ_INSTS_VALU_MFMA_MOPS_BF16",0.00000000e+00,440249356889884,440249356912965
648,696,"Agent 2",1,613108,613108,1048576,69,"loop_add_convert_fusion_5",256,0,0,44,4,48,"SQ_WAVES",16384.000000,440249356889884,440249356912965
648,697,"Agent 2",1,613108,613108,4194304,70,"loop_add_convert_fusion_4",256,0,0,32,0,32,"GRBM_GUI_ACTIVE",943390.000000,440249356957645,440249357000445
648,697,"Agent 2",1,613108,613108,4194304,70,"loop_add_convert_fusion_4",256,0,0,32,0,32,"SQ_BUSY_CYCLES",2890133.000000,440249356957645,440249357000445
648,697,"Agent 2",1,613108,613108,4194304,70,"loop_add_convert_fusion_4",256,0,0,32,0,32,"SQ_INSTS_VALU_MFMA_MOPS_BF16",0.00000000e+00,440249356957645,440249357000445
648,697,"Agent 2",1,613108,613108,4194304,70,"loop_add_convert_fusion_4",256,0,0,32,0,32,"SQ_WAVES",65536.000000,440249356957645,440249357000445
