"Kind","Agent_Id","Queue_Id","Stream_Id","Thread_Id","Dispatch_Id","Kernel_Id","Kernel_Name","Correlation_Id","Start_Timestamp","End_Timestamp","LDS_Block_Size","Scratch_Size","VGPR_Count","Accum_VGPR_Count","SGPR_Count","Workgroup_Size_X","Workgroup_Size_Y","Workgroup_Size_Z","Grid_Size_X","Grid_Size_Y","Grid_Size_Z"
"KERNEL_DISPATCH","Agent 2",1,2,610715,1,11,"transformer_block/train_step",3,440141173299339,440141173309819,0,0,16,0,32,512,1,1,131072,1,1
"KERNEL_DISPATCH","Agent 2",1,2,610715,2,43,"transformer_block/train_step",3,440141173309819,440141173316579,0,0,44,4,32,256,1,1,524288,1,1
"KERNEL_DISPATCH","Agent 2",1,2,610715,3,44,"transformer_block/train_step",3,440141173316579,440141173343700,0,0,8,0,32,256,1,1,4194304,1,1
"KERNEL_DISPATCH","Agent 2",1,2,610715,4,1502,"transformer_block/train_step",3,440141173343700,440141173409540,123904,0,128,320,96,256,1,1,65536,1,1
"KERNEL_DISPATCH","Agent 2",1,2,610715,5,45,"transformer_block/train_step",3,440141173409540,440141173413940,8192,0,24,0,16,256,1,1,131072,1,1
"KERNEL_DISPATCH","Agent 2",1,2,610715,6,46,"transformer_block/train_step",3,440141173413940,440141173418500,8192,0,24,0,16,256,1,1,131072,1,1
"KERNEL_DISPATCH","Agent 2",1,2,610715,7,47,"transformer_block/train_step",3,440141173418500,440141173428260,0,0,4,4,16,256,1,1,2097152,1,1
"KERNEL_DISPATCH","Agent 2",1,2,610715,8,48,"transformer_block/train_step",3,440141173428260,440141173435780,0,0,4,4,16,256,1,1,2097152,1,1
"KERNEL_DISPATCH","Agent 2",1,2,610715,9,48,"transformer_block/train_step",3,440141173435780,440141173441700,0,0,4,4,16,256,1,1,2097152,1,1
"KERNEL_DISPATCH","Agent 2",1,2,610715,10,2307,"transformer_block/train_step",3,440141173441700,440141173570701,25600,0,128,128,96,256,1,1,131072,1,1
"KERNEL_DISPATCH","Agent 2",1,2,610715,11,49,"transformer_block/train_step",3,440141173570701,440141173931584,0,0,68,132,32,512,1,1,2097152,1,1
"KERNEL_DISPATCH","Agent 2",1,2,610715,12,3094,"transformer_block/train_step",3,440141173931584,440141174009865,133120,0,112,192,96,256,1,1,65536,1,1
"KERNEL_DISPATCH","Agent 2",1,2,610715,13,3897,"transformer_block/train_step",3,440141174009865,440141174068625,147456,0,40,256,112,256,1,1,65536,1,1
"KERNEL_DISPATCH","Agent 2",1,2,610715,14,50,"transformer_block/train_step",3,440141174068625,440141174073145,512,0,20,4,16,256,1,1,524288,1,1
"KERNEL_DISPATCH","Agent 2",1,2,610715,15,51,"transformer_block/train_step",3,440141174073145,440141174077265,0,0,8,0,16,256,1,1,2048,1,1
"KERNEL_DISPATCH","Agent 2",1,2,610715,16,52,"transformer_block/train_step",3,440141174077265,440141174084265,0,0,8,0,16,256,1,1,2097152,1,1
"KERNEL_DISPATCH","Agent 2",1,2,610715,17,11,"transformer_block/train_step",3,440141174084265,440141174089906,0,0,16,0,32,512,1,1,131072,1,1
"KERNEL_DISPATCH","Agent 2",1,2,610715,18,2011,"transformer_block/train_step",3,440141174089906,440141174241947,133120,0,112,384,112,256,1,1,114688,1,1
"KERNEL_DISPATCH","Agent 2",1,2,610715,19,2011,"transformer_block/train_step",3,440141174241947,440141174395068,133120,0,112,384,112,256,1,1,114688,1,1
"KERNEL_DISPATCH","Agent 2",1,2,610715,20,53,"transformer_block/train_step",3,440141174395068,440141174424988,0,0,32,0,32,256,1,1,7340032,1,1
"KERNEL_DISPATCH","Agent 2",1,2,610715,21,2011,"transformer_block/train_step",3,440141174424988,440141174659790,133120,0,112,384,112,256,1,1,32768,1,1
"KERNEL_DISPATCH","Agent 2",1,2,610715,22,54,"transformer_block/train_step",3,440141174659790,440141174667030,0,0,8,0,16,256,1,1,2097152,1,1
"KERNEL_DISPATCH","Agent 2",1,2,610715,23,4191,"transformer_block/train_step",3,440141174667030,440141174825871,131072,0,120,384,112,256,1,1,229376,1,1
"KERNEL_DISPATCH","Agent 2",1,2,610715,24,3505,"transformer_block/train_step",3,440141174825871,440141174971472,69632,0,128,352,96,256,1,1,65536,1,1
"KERNEL_DISPATCH","Agent 2",1,2,610715,25,55,"transformer_block/train_step",3,440141174971472,440141175013393,0,0,32,0,32,256,1,1,7340032,1,1
"KERNEL_DISPATCH","Agent 2",1,2,610715,26,3644,"transformer_block/train_step",3,440141175013393,440141175256955,135168,0,120,384,96,256,1,1,32768,1,1
"KERNEL_DISPATCH","Agent 2",1,2,610715,27,3644,"transformer_block/train_step",3,440141175256955,440141175505477,135168,0,120,384,96,256,1,1,32768,1,1
"KERNEL_DISPATCH","Agent 2",1,2,610715,28,56,"transformer_block/train_step",3,440141175505477,440141175512797,512,0,36,4,16,256,1,1,524288,1,1
"KERNEL_DISPATCH","Agent 2",1,2,610715,29,57,"transformer_block/train_step",3,440141175512797,440141175516837,0,0,16,0,16,256,1,1,2048,1,1
"KERNEL_DISPATCH","Agent 2",1,2,610715,30,58,"transformer_block/train_step",3,440141175516837,440141175527597,512,0,52,4,32,256,1,1,524288,1,1
"KERNEL_DISPATCH","Agent 2",1,2,610715,31,59,"transformer_block/train_step",3,440141175527597,440141175531637,512,0,20,4,16,128,1,1,128,1,1
"KERNEL_DISPATCH","Agent 2",1,2,610715,32,60,"transformer_block/train_step",3,440141175531637,440141175535797,0,0,4,4,16,1,1,1,1,1,1
"KERNEL_DISPATCH","Agent 2",1,2,610715,33,3699,"transformer_block/train_step",3,440141175535797,440141175590237,152064,0,112,256,96,256,1,1,65536,1,1
"KERNEL_DISPATCH","Agent 2",1,2,610715,34,61,"transformer_block/train_step",3,440141175590237,440141175597077,0,0,4,4,16,256,1,1,2097152,1,1
"KERNEL_DISPATCH","Agent 2",1,2,610715,35,3993,"transformer_block/train_step",3,440141175597077,440141175664918,122880,0,128,288,96,256,1,1,57344,1,1
"KERNEL_DISPATCH","Agent 2",1,2,610715,36,2011,"transformer_block/train_step",3,440141175664918,440141175714238,133120,0,112,384,112,256,1,1,65536,1,1
"KERNEL_DISPATCH","Agent 2",1,2,610715,37,62,"transformer_block/train_step",3,440141175714238,440141175756919,0,0,36,4,32,256,1,1,4194304,1,1
"KERNEL_DISPATCH","Agent 2",1,2,610715,38,4191,"transformer_block/train_step",3,440141175756919,440141175925080,131072,0,120,384,112,256,1,1,229376,1,1
"KERNEL_DISPATCH","Agent 2",1,2,610715,39,4191,"transformer_block/train_step",3,440141175925080,440141176084921,131072,0,120,384,112,256,1,1,229376,1,1
"KERNEL_DISPATCH","Agent 2",1,2,610715,40,63,"transformer_block/train_step",3,440141176084921,440141176250042,0,0,36,4,32,256,1,1,14680064,1,1
"KERNEL_DISPATCH","Agent 2",1,2,610715,41,63,"transformer_block/train_step",3,440141176250042,440141176436724,0,0,36,4,32,256,1,1,14680064,1,1
"KERNEL_DISPATCH","Agent 2",1,2,610715,42,64,"transformer_block/train_step",3,440141176436724,440141176628965,0,0,36,4,32,256,1,1,14680064,1,1
"KERNEL_DISPATCH","Agent 2",1,2,610715,43,1872,"transformer_block/train_step",3,440141176628965,440141176741206,115712,0,48,256,96,256,1,1,65536,1,1
"KERNEL_DISPATCH","Agent 2",1,2,610715,44,65,"transformer_block/train_step",3,440141176741206,440141177305251,0,312,128,128,48,512,1,1,2097152,1,1
"KERNEL_DISPATCH","Agent 2",1,2,610715,45,4584,"transformer_block/train_step",3,440141177305251,440141177380411,24576,0,128,256,96,256,1,1,65536,1,1
"KERNEL_DISPATCH","Agent 2",1,2,610715,46,5193,"transformer_block/train_step",3,440141177380411,440141177447012,51200,0,128,256,96,256,1,1,65536,1,1
"KERNEL_DISPATCH","Agent 2",1,2,610715,47,66,"transformer_block/train_step",3,440141177447012,440141177454372,8192,0,44,4,16,256,1,1,131072,1,1
"KERNEL_DISPATCH","Agent 2",1,2,610715,48,67,"transformer_block/train_step",3,440141177454372,440141177462372,8192,0,32,0,16,256,1,1,524288,1,1
"KERNEL_DISPATCH","Agent 2",1,2,610715,49,68,"transformer_block/train_step",3,440141177462372,440141177473332,0,0,20,4,32,256,1,1,2097152,1,1
"KERNEL_DISPATCH","Agent 2",1,2,610715,50,5684,"transformer_block/train_step",3,440141177473332,440141177555013,125952,0,128,320,96,256,1,1,65536,1,1
"KERNEL_DISPATCH","Agent 2",1,2,610715,51,69,"transformer_block/train_step",3,440141177555013,440141177578253,0,0,44,4,48,256,1,1,1048576,1,1
"KERNEL_DISPATCH","Agent 2",1,2,610715,52,70,"transformer_block/train_step",3,440141177578253,440141177620333,0,0,32,0,32,256,1,1,4194304,1,1
