GPU_ID,GUID,Correlation_Id,Dispatch_ID,Grid_Size,Workgroup_Size,LDS_Per_Workgroup,Scratch_Per_Workitem,Arch_VGPR,Accum_VGPR,SGPR,Kernel_Name,Start_Timestamp,End_Timestamp,Kernel_ID,Counter_Name,Counter_Value
2,00001a45-517f-717f-afe3-2dc9eac73cd3,143,0,114688,256,133120,0,112,384,112,Cijk_Ailk_Bljk_BBS_BH_Bias_HA_S_SAV_UserArgs_MT256x256x64_MI16x16x1_CMS_SN_LDSB0_AFC0_AG1_AGGSUA0_AGNTAB0_AFEM1_AFEM1_ASEM1_CD1_1_CLR1_CLS0_CADS0_DTLA1_DTLB1_DTLM0_DTVA0_DTVB0_DTVMXSA0_DTVMXSB0_DTVSM0_DPLB0_EPS0_ELFLR0_EMLLn1_FDSI0_GRPM1_GRVWA8_GRVWB8_GSU0_GSUAMB_GLS0_HPLR0_ISA950_ICIW0_IU1_K1_LDSTI0_LBSPPA0_LBSPPB1024_LBSPPMXSA0_LBSPPMXSB0_LBSPPM0_LPA0_LPB16_LPMXSA0_LPMXSB0_LPM0_LRVW8_LWPMn1_MIAV0_MIWT8_8_MXLIBL_MXSFNS_MO40_MGRIPM1_NTn1_NTA0_NTB0_NTC4_NTD0_NTE0_NTMXSA0_NTMXSB0_NTM0_NTWS0_NVn1_NVA0_NVB0_NVC0_NVD0_NVE0_NVMXSA0_NVMXSB0_NVM0_NVWS0_NEPBS16_NLCA1_NLCB1_ONLL1_PAP0_PGL0_PGR2_PLR1_PKA1_SGROB0_SIA3_SS1_SPO1_SRVW0_SSO0_SVW8_SK5_SKFTR0_SKFDPO0_SKXCCM0_SNLL0_SIP1_SGRO0_TDMI0_TDMIM0_TDMS0_TIN0_THn1_THA0_THB0_THC0_THD0_THE0_THMXSA0_THMXSB0_THM0_THWS0_TLDS1_TLDSM1_ULSGRO0_USL1_USLMX0_UIOFGRO0_UPLRP1_USFGRO0_USI0_VSn1_VWA8_VWB8_WSGRA0_WSGRB0_WS64_WG32_8_1,440763230376694,440763230541095,0,GRBM_GUI_ACTIVE,2942232.0
2,00001a45-517f-717f-afe3-2dc9eac73cd3,143,0,114688,256,133120,0,112,384,112,Cijk_Ailk_Bljk_BBS_BH_Bias_HA_S_SAV_UserArgs_MT256x256x64_MI16x16x1_CMS_SN_LDSB0_AFC0_AG1_AGGSUA0_AGNTAB0_AFEM1_AFEM1_ASEM1_CD1_1_CLR1_CLS0_CADS0_DTLA1_DTLB1_DTLM0_DTVA0_DTVB0_DTVMXSA0_DTVMXSB0_DTVSM0_DPLB0_EPS0_ELFLR0_EMLLn1_FDSI0_GRPM1_GRVWA8_GRVWB8_GSU0_GSUAMB_GLS0_HPLR0_ISA950_ICIW0_IU1_K1_LDSTI0_LBSPPA0_LBSPPB1024_LBSPPMXSA0_LBSPPMXSB0_LBSPPM0_LPA0_LPB16_LPMXSA0_LPMXSB0_LPM0_LRVW8_LWPMn1_MIAV0_MIWT8_8_MXLIBL_MXSFNS_MO40_MGRIPM1_NTn1_NTA0_NTB0_NTC4_NTD0_NTE0_NTMXSA0_NTMXSB0_NTM0_NTWS0_NVn1_NVA0_NVB0_NVC0_NVD0_NVE0_NVMXSA0_NVMXSB0_NVM0_NVWS0_NEPBS16_NLCA1_NLCB1_ONLL1_PAP0_PGL0_PGR2_PLR1_PKA1_SGROB0_SIA3_SS1_SPO1_SRVW0_SSO0_SVW8_SK5_SKFTR0_SKFDPO0_SKXCCM0_SNLL0_SIP1_SGRO0_TDMI0_TDMIM0_TDMS0_TIN0_THn1_THA0_THB0_THC0_THD0_THE0_THMXSA0_THMXSB0_THM0_THWS0_TLDS1_TLDSM1_ULSGRO0_USL1_USLMX0_UIOFGRO0_UPLRP1_USFGRO0_USI0_VSn1_VWA8_VWB8_WSGRA0_WSGRB0_WS64_WG32_8_1,440763230376694,440763230541095,0,SQ_INSTS_VALU_MFMA_MOPS_BF16,469762048.0
2,00001a45-517f-717f-afe3-2dc9eac73cd3,143,0,114688,256,133120,0,112,384,112,Cijk_Ailk_Bljk_BBS_BH_Bias_HA_S_SAV_UserArgs_MT256x256x64_MI16x16x1_CMS_SN_LDSB0_AFC0_AG1_AGGSUA0_AGNTAB0_AFEM1_AFEM1_ASEM1_CD1_1_CLR1_CLS0_CADS0_DTLA1_DTLB1_DTLM0_DTVA0_DTVB0_DTVMXSA0_DTVMXSB0_DTVSM0_DPLB0_EPS0_ELFLR0_EMLLn1_FDSI0_GRPM1_GRVWA8_GRVWB8_GSU0_GSUAMB_GLS0_HPLR0_ISA950_ICIW0_IU1_K1_LDSTI0_LBSPPA0_LBSPPB1024_LBSPPMXSA0_LBSPPMXSB0_LBSPPM0_LPA0_LPB16_LPMXSA0_LPMXSB0_LPM0_LRVW8_LWPMn1_MIAV0_MIWT8_8_MXLIBL_MXSFNS_MO40_MGRIPM1_NTn1_NTA0_NTB0_NTC4_NTD0_NTE0_NTMXSA0_NTMXSB0_NTM0_NTWS0_NVn1_NVA0_NVB0_NVC0_NVD0_NVE0_NVMXSA0_NVMXSB0_NVM0_NVWS0_NEPBS16_NLCA1_NLCB1_ONLL1_PAP0_PGL0_PGR2_PLR1_PKA1_SGROB0_SIA3_SS1_SPO1_SRVW0_SSO0_SVW8_SK5_SKFTR0_SKFDPO0_SKXCCM0_SNLL0_SIP1_SGRO0_TDMI0_TDMIM0_TDMS0_TIN0_THn1_THA0_THB0_THC0_THD0_THE0_THMXSA0_THMXSB0_THM0_THWS0_TLDS1_TLDSM1_ULSGRO0_USL1_USLMX0_UIOFGRO0_UPLRP1_USFGRO0_USI0_VSn1_VWA8_VWB8_WSGRA0_WSGRB0_WS64_WG32_8_1,440763230376694,440763230541095,0,SQ_INSTS_VALU_MFMA_MOPS_F16,0.0
2,00001a45-517f-717f-afe3-2dc9eac73cd3,143,0,114688,256,133120,0,112,384,112,Cijk_Ailk_Bljk_BBS_BH_Bias_HA_S_SAV_UserArgs_MT256x256x64_MI16x16x1_CMS_SN_LDSB0_AFC0_AG1_AGGSUA0_AGNTAB0_AFEM1_AFEM1_ASEM1_CD1_1_CLR1_CLS0_CADS0_DTLA1_DTLB1_DTLM0_DTVA0_DTVB0_DTVMXSA0_DTVMXSB0_DTVSM0_DPLB0_EPS0_ELFLR0_EMLLn1_FDSI0_GRPM1_GRVWA8_GRVWB8_GSU0_GSUAMB_GLS0_HPLR0_ISA950_ICIW0_IU1_K1_LDSTI0_LBSPPA0_LBSPPB1024_LBSPPMXSA0_LBSPPMXSB0_LBSPPM0_LPA0_LPB16_LPMXSA0_LPMXSB0_LPM0_LRVW8_LWPMn1_MIAV0_MIWT8_8_MXLIBL_MXSFNS_MO40_MGRIPM1_NTn1_NTA0_NTB0_NTC4_NTD0_NTE0_NTMXSA0_NTMXSB0_NTM0_NTWS0_NVn1_NVA0_NVB0_NVC0_NVD0_NVE0_NVMXSA0_NVMXSB0_NVM0_NVWS0_NEPBS16_NLCA1_NLCB1_ONLL1_PAP0_PGL0_PGR2_PLR1_PKA1_SGROB0_SIA3_SS1_SPO1_SRVW0_SSO0_SVW8_SK5_SKFTR0_SKFDPO0_SKXCCM0_SNLL0_SIP1_SGRO0_TDMI0_TDMIM0_TDMS0_TIN0_THn1_THA0_THB0_THC0_THD0_THE0_THMXSA0_THMXSB0_THM0_THWS0_TLDS1_TLDSM1_ULSGRO0_USL1_USLMX0_UIOFGRO0_UPLRP1_USFGRO0_USI0_VSn1_VWA8_VWB8_WSGRA0_WSGRB0_WS64_WG32_8_1,440763230376694,440763230541095,0,SQ_INSTS_VALU_MFMA_MOPS_F32,0.0
2,00001a45-517f-717f-afe3-2dc9eac73cd3,143,0,114688,256,133120,0,112,384,112,Cijk_Ailk_Bljk_BBS_BH_Bias_HA_S_SAV_UserArgs_MT256x256x64_MI16x16x1_CMS_SN_LDSB0_AFC0_AG1_AGGSUA0_AGNTAB0_AFEM1_AFEM1_ASEM1_CD1_1_CLR1_CLS0_CADS0_DTLA1_DTLB1_DTLM0_DTVA0_DTVB0_DTVMXSA0_DTVMXSB0_DTVSM0_DPLB0_EPS0_ELFLR0_EMLLn1_FDSI0_GRPM1_GRVWA8_GRVWB8_GSU0_GSUAMB_GLS0_HPLR0_ISA950_ICIW0_IU1_K1_LDSTI0_LBSPPA0_LBSPPB1024_LBSPPMXSA0_LBSPPMXSB0_LBSPPM0_LPA0_LPB16_LPMXSA0_LPMXSB0_LPM0_LRVW8_LWPMn1_MIAV0_MIWT8_8_MXLIBL_MXSFNS_MO40_MGRIPM1_NTn1_NTA0_NTB0_NTC4_NTD0_NTE0_NTMXSA0_NTMXSB0_NTM0_NTWS0_NVn1_NVA0_NVB0_NVC0_NVD0_NVE0_NVMXSA0_NVMXSB0_NVM0_NVWS0_NEPBS16_NLCA1_NLCB1_ONLL1_PAP0_PGL0_PGR2_PLR1_PKA1_SGROB0_SIA3_SS1_SPO1_SRVW0_SSO0_SVW8_SK5_SKFTR0_SKFDPO0_SKXCCM0_SNLL0_SIP1_SGRO0_TDMI0_TDMIM0_TDMS0_TIN0_THn1_THA0_THB0_THC0_THD0_THE0_THMXSA0_THMXSB0_THM0_THWS0_TLDS1_TLDSM1_ULSGRO0_USL1_USLMX0_UIOFGRO0_UPLRP1_USFGRO0_USI0_VSn1_VWA8_VWB8_WSGRA0_WSGRB0_WS64_WG32_8_1,440763230376694,440763230541095,0,SQ_INSTS_VALU_MFMA_MOPS_F64,0.0
2,00001a45-517f-717f-afe3-2dc9eac73cd3,143,0,114688,256,133120,0,112,384,112,Cijk_Ailk_Bljk_BBS_BH_Bias_HA_S_SAV_UserArgs_MT256x256x64_MI16x16x1_CMS_SN_LDSB0_AFC0_AG1_AGGSUA0_AGNTAB0_AFEM1_AFEM1_ASEM1_CD1_1_CLR1_CLS0_CADS0_DTLA1_DTLB1_DTLM0_DTVA0_DTVB0_DTVMXSA0_DTVMXSB0_DTVSM0_DPLB0_EPS0_ELFLR0_EMLLn1_FDSI0_GRPM1_GRVWA8_GRVWB8_GSU0_GSUAMB_GLS0_HPLR0_ISA950_ICIW0_IU1_K1_LDSTI0_LBSPPA0_LBSPPB1024_LBSPPMXSA0_LBSPPMXSB0_LBSPPM0_LPA0_LPB16_LPMXSA0_LPMXSB0_LPM0_LRVW8_LWPMn1_MIAV0_MIWT8_8_MXLIBL_MXSFNS_MO40_MGRIPM1_NTn1_NTA0_NTB0_NTC4_NTD0_NTE0_NTMXSA0_NTMXSB0_NTM0_NTWS0_NVn1_NVA0_NVB0_NVC0_NVD0_NVE0_NVMXSA0_NVMXSB0_NVM0_NVWS0_NEPBS16_NLCA1_NLCB1_ONLL1_PAP0_PGL0_PGR2_PLR1_PKA1_SGROB0_SIA3_SS1_SPO1_SRVW0_SSO0_SVW8_SK5_SKFTR0_SKFDPO0_SKXCCM0_SNLL0_SIP1_SGRO0_TDMI0_TDMIM0_TDMS0_TIN0_THn1_THA0_THB0_THC0_THD0_THE0_THMXSA0_THMXSB0_THM0_THWS0_TLDS1_TLDSM1_ULSGRO0_USL1_USLMX0_UIOFGRO0_UPLRP1_USFGRO0_USI0_VSn1_VWA8_VWB8_WSGRA0_WSGRB0_WS64_WG32_8_1,440763230376694,440763230541095,0,SQ_INSTS_VALU_MFMA_MOPS_F8,0.0
2,00001a45-517f-717f-afe3-2dc9eac73cd3,143,0,114688,256,133120,0,112,384,112,Cijk_Ailk_Bljk_BBS_BH_Bias_HA_S_SAV_UserArgs_MT256x256x64_MI16x16x1_CMS_SN_LDSB0_AFC0_AG1_AGGSUA0_AGNTAB0_AFEM1_AFEM1_ASEM1_CD1_1_CLR1_CLS0_CADS0_DTLA1_DTLB1_DTLM0_DTVA0_DTVB0_DTVMXSA0_DTVMXSB0_DTVSM0_DPLB0_EPS0_ELFLR0_EMLLn1_FDSI0_GRPM1_GRVWA8_GRVWB8_GSU0_GSUAMB_GLS0_HPLR0_ISA950_ICIW0_IU1_K1_LDSTI0_LBSPPA0_LBSPPB1024_LBSPPMXSA0_LBSPPMXSB0_LBSPPM0_LPA0_LPB16_LPMXSA0_LPMXSB0_LPM0_LRVW8_LWPMn1_MIAV0_MIWT8_8_MXLIBL_MXSFNS_MO40_MGRIPM1_NTn1_NTA0_NTB0_NTC4_NTD0_NTE0_NTMXSA0_NTMXSB0_NTM0_NTWS0_NVn1_NVA0_NVB0_NVC0_NVD0_NVE0_NVMXSA0_NVMXSB0_NVM0_NVWS0_NEPBS16_NLCA1_NLCB1_ONLL1_PAP0_PGL0_PGR2_PLR1_PKA1_SGROB0_SIA3_SS1_SPO1_SRVW0_SSO0_SVW8_SK5_SKFTR0_SKFDPO0_SKXCCM0_SNLL0_SIP1_SGRO0_TDMI0_TDMIM0_TDMS0_TIN0_THn1_THA0_THB0_THC0_THD0_THE0_THMXSA0_THMXSB0_THM0_THWS0_TLDS1_TLDSM1_ULSGRO0_USL1_USLMX0_UIOFGRO0_UPLRP1_USFGRO0_USI0_VSn1_VWA8_VWB8_WSGRA0_WSGRB0_WS64_WG32_8_1,440763230376694,440763230541095,0,SQ_INSTS_VALU_MFMA_MOPS_I8,1720320.0
2,00001a45-517f-717f-afe3-2dc9eac73cd3,143,0,114688,256,133120,0,112,384,112,Cijk_Ailk_Bljk_BBS_BH_Bias_HA_S_SAV_UserArgs_MT256x256x64_MI16x16x1_CMS_SN_LDSB0_AFC0_AG1_AGGSUA0_AGNTAB0_AFEM1_AFEM1_ASEM1_CD1_1_CLR1_CLS0_CADS0_DTLA1_DTLB1_DTLM0_DTVA0_DTVB0_DTVMXSA0_DTVMXSB0_DTVSM0_DPLB0_EPS0_ELFLR0_EMLLn1_FDSI0_GRPM1_GRVWA8_GRVWB8_GSU0_GSUAMB_GLS0_HPLR0_ISA950_ICIW0_IU1_K1_LDSTI0_LBSPPA0_LBSPPB1024_LBSPPMXSA0_LBSPPMXSB0_LBSPPM0_LPA0_LPB16_LPMXSA0_LPMXSB0_LPM0_LRVW8_LWPMn1_MIAV0_MIWT8_8_MXLIBL_MXSFNS_MO40_MGRIPM1_NTn1_NTA0_NTB0_NTC4_NTD0_NTE0_NTMXSA0_NTMXSB0_NTM0_NTWS0_NVn1_NVA0_NVB0_NVC0_NVD0_NVE0_NVMXSA0_NVMXSB0_NVM0_NVWS0_NEPBS16_NLCA1_NLCB1_ONLL1_PAP0_PGL0_PGR2_PLR1_PKA1_SGROB0_SIA3_SS1_SPO1_SRVW0_SSO0_SVW8_SK5_SKFTR0_SKFDPO0_SKXCCM0_SNLL0_SIP1_SGRO0_TDMI0_TDMIM0_TDMS0_TIN0_THn1_THA0_THB0_THC0_THD0_THE0_THMXSA0_THMXSB0_THM0_THWS0_TLDS1_TLDSM1_ULSGRO0_USL1_USLMX0_UIOFGRO0_UPLRP1_USFGRO0_USI0_VSn1_VWA8_VWB8_WSGRA0_WSGRB0_WS64_WG32_8_1,440763230376694,440763230541095,0,SQ_WAVES,1792.0
2,00001a45-517f-717f-afe3-2dc9eac73cd3,148,1,229376,256,131072,0,120,384,112,Cijk_Ailk_Bjlk_BBS_BH_Bias_HA_S_SAV_UserArgs_MT256x256x64_MI16x16x1_CMS_SN_LDSB0_AFC0_AG0_AGGSUA0_AGNTAB0_AFEM1_AFEM1_ASEM1_CD1_1_CLR1_CLS0_CADS0_DTLA1_DTLB1_DTLM0_DTVA0_DTVB0_DTVMXSA0_DTVMXSB0_DTVSM0_DPLB0_EPS0_ELFLR0_EMLLn1_FDSI0_GRPM1_GRVWA8_GRVWB8_GSU0_GSUAMB_GLS0_HPLR0_ISA950_ICIW0_IU1_K1_LDSTI0_LBSPPA0_LBSPPB0_LBSPPMXSA0_LBSPPMXSB0_LBSPPM0_LPA0_LPB0_LPMXSA0_LPMXSB0_LPM0_LRVW8_LWPMn1_MIAV0_MIWT8_8_MXLIBL_MXSFNS_MO40_MGRIPM1_NTn1_NTA0_NTB0_NTC0_NTD4_NTE0_NTMXSA0_NTMXSB0_NTM0_NTWS0_NVn1_NVA0_NVB0_NVC0_NVD0_NVE0_NVMXSA0_NVMXSB0_NVM0_NVWS0_NEPBS0_NLCA1_NLCB1_ONLL1_PAP0_PGL0_PGR2_PLR1_PKA1_SGROB0_SIA3_SS1_SPO0_SRVW0_SSO0_SVW8_SK5_SKFTR0_SKFDPO0_SKXCCM0_SNLL0_SIP1_SGRO0_TDMI0_TDMIM0_TDMS0_TIN0_THn1_THA0_THB0_THC0_THD0_THE0_THMXSA0_THMXSB0_THM0_THWS0_TLDS0_TLDSM1_ULSGRO0_USL1_USLMX0_UIOFGRO0_UPLRP1_USFGRO0_USI0_VSn1_VWA8_VWB8_WSGRA0_WSGRB0_WS64_WG32_8_1,440763231110978,440763231280059,1,GRBM_GUI_ACTIVE,3084432.0
2,00001a45-517f-717f-afe3-2dc9eac73cd3,148,1,229376,256,131072,0,120,384,112,Cijk_Ailk_Bjlk_BBS_BH_Bias_HA_S_SAV_UserArgs_MT256x256x64_MI16x16x1_CMS_SN_LDSB0_AFC0_AG0_AGGSUA0_AGNTAB0_AFEM1_AFEM1_ASEM1_CD1_1_CLR1_CLS0_CADS0_DTLA1_DTLB1_DTLM0_DTVA0_DTVB0_DTVMXSA0_DTVMXSB0_DTVSM0_DPLB0_EPS0_ELFLR0_EMLLn1_FDSI0_GRPM1_GRVWA8_GRVWB8_GSU0_GSUAMB_GLS0_HPLR0_ISA950_ICIW0_IU1_K1_LDSTI0_LBSPPA0_LBSPPB0_LBSPPMXSA0_LBSPPMXSB0_LBSPPM0_LPA0_LPB0_LPMXSA0_LPMXSB0_LPM0_LRVW8_LWPMn1_MIAV0_MIWT8_8_MXLIBL_MXSFNS_MO40_MGRIPM1_NTn1_NTA0_NTB0_NTC0_NTD4_NTE0_NTMXSA0_NTMXSB0_NTM0_NTWS0_NVn1_NVA0_NVB0_NVC0_NVD0_NVE0_NVMXSA0_NVMXSB0_NVM0_NVWS0_NEPBS0_NLCA1_NLCB1_ONLL1_PAP0_PGL0_PGR2_PLR1_PKA1_SGROB0_SIA3_SS1_SPO0_SRVW0_SSO0_SVW8_SK5_SKFTR0_SKFDPO0_SKXCCM0_SNLL0_SIP1_SGRO0_TDMI0_TDMIM0_TDMS0_TIN0_THn1_THA0_THB0_THC0_THD0_THE0_THMXSA0_THMXSB0_THM0_THWS0_TLDS0_TLDSM1_ULSGRO0_USL1_USLMX0_UIOFGRO0_UPLRP1_USFGRO0_USI0_VSn1_VWA8_VWB8_WSGRA0_WSGRB0_WS64_WG32_8_1,440763231110978,440763231280059,1,SQ_INSTS_VALU_MFMA_MOPS_BF16,469762048.0
2,00001a45-517f-717f-afe3-2dc9eac73cd3,148,1,229376,256,131072,0,120,384,112,Cijk_Ailk_Bjlk_BBS_BH_Bias_HA_S_SAV_UserArgs_MT256x256x64_MI16x16x1_CMS_SN_LDSB0_AFC0_AG0_AGGSUA0_AGNTAB0_AFEM1_AFEM1_ASEM1_CD1_1_CLR1_CLS0_CADS0_DTLA1_DTLB1_DTLM0_DTVA0_DTVB0_DTVMXSA0_DTVMXSB0_DTVSM0_DPLB0_EPS0_ELFLR0_EMLLn1_FDSI0_GRPM1_GRVWA8_GRVWB8_GSU0_GSUAMB_GLS0_HPLR0_ISA950_ICIW0_IU1_K1_LDSTI0_LBSPPA0_LBSPPB0_LBSPPMXSA0_LBSPPMXSB0_LBSPPM0_LPA0_LPB0_LPMXSA0_LPMXSB0_LPM0_LRVW8_LWPMn1_MIAV0_MIWT8_8_MXLIBL_MXSFNS_MO40_MGRIPM1_NTn1_NTA0_NTB0_NTC0_NTD4_NTE0_NTMXSA0_NTMXSB0_NTM0_NTWS0_NVn1_NVA0_NVB0_NVC0_NVD0_NVE0_NVMXSA0_NVMXSB0_NVM0_NVWS0_NEPBS0_NLCA1_NLCB1_ONLL1_PAP0_PGL0_PGR2_PLR1_PKA1_SGROB0_SIA3_SS1_SPO0_SRVW0_SSO0_SVW8_SK5_SKFTR0_SKFDPO0_SKXCCM0_SNLL0_SIP1_SGRO0_TDMI0_TDMIM0_TDMS0_TIN0_THn1_THA0_THB0_THC0_THD0_THE0_THMXSA0_THMXSB0_THM0_THWS0_TLDS0_TLDSM1_ULSGRO0_USL1_USLMX0_UIOFGRO0_UPLRP1_USFGRO0_USI0_VSn1_VWA8_VWB8_WSGRA0_WSGRB0_WS64_WG32_8_1,440763231110978,440763231280059,1,SQ_INSTS_VALU_MFMA_MOPS_F16,0.0
2,00001a45-517f-717f-afe3-2dc9eac73cd3,148,1,229376,256,131072,0,120,384,112,Cijk_Ailk_Bjlk_BBS_BH_Bias_HA_S_SAV_UserArgs_MT256x256x64_MI16x16x1_CMS_SN_LDSB0_AFC0_AG0_AGGSUA0_AGNTAB0_AFEM1_AFEM1_ASEM1_CD1_1_CLR1_CLS0_CADS0_DTLA1_DTLB1_DTLM0_DTVA0_DTVB0_DTVMXSA0_DTVMXSB0_DTVSM0_DPLB0_EPS0_ELFLR0_EMLLn1_FDSI0_GRPM1_GRVWA8_GRVWB8_GSU0_GSUAMB_GLS0_HPLR0_ISA950_ICIW0_IU1_K1_LDSTI0_LBSPPA0_LBSPPB0_LBSPPMXSA0_LBSPPMXSB0_LBSPPM0_LPA0_LPB0_LPMXSA0_LPMXSB0_LPM0_LRVW8_LWPMn1_MIAV0_MIWT8_8_MXLIBL_MXSFNS_MO40_MGRIPM1_NTn1_NTA0_NTB0_NTC0_NTD4_NTE0_NTMXSA0_NTMXSB0_NTM0_NTWS0_NVn1_NVA0_NVB0_NVC0_NVD0_NVE0_NVMXSA0_NVMXSB0_NVM0_NVWS0_NEPBS0_NLCA1_NLCB1_ONLL1_PAP0_PGL0_PGR2_PLR1_PKA1_SGROB0_SIA3_SS1_SPO0_SRVW0_SSO0_SVW8_SK5_SKFTR0_SKFDPO0_SKXCCM0_SNLL0_SIP1_SGRO0_TDMI0_TDMIM0_TDMS0_TIN0_THn1_THA0_THB0_THC0_THD0_THE0_THMXSA0_THMXSB0_THM0_THWS0_TLDS0_TLDSM1_ULSGRO0_USL1_USLMX0_UIOFGRO0_UPLRP1_USFGRO0_USI0_VSn1_VWA8_VWB8_WSGRA0_WSGRB0_WS64_WG32_8_1,440763231110978,440763231280059,1,SQ_INSTS_VALU_MFMA_MOPS_F32,0.0
2,00001a45-517f-717f-afe3-2dc9eac73cd3,148,1,229376,256,131072,0,120,384,112,Cijk_Ailk_Bjlk_BBS_BH_Bias_HA_S_SAV_UserArgs_MT256x256x64_MI16x16x1_CMS_SN_LDSB0_AFC0_AG0_AGGSUA0_AGNTAB0_AFEM1_AFEM1_ASEM1_CD1_1_CLR1_CLS0_CADS0_DTLA1_DTLB1_DTLM0_DTVA0_DTVB0_DTVMXSA0_DTVMXSB0_DTVSM0_DPLB0_EPS0_ELFLR0_EMLLn1_FDSI0_GRPM1_GRVWA8_GRVWB8_GSU0_GSUAMB_GLS0_HPLR0_ISA950_ICIW0_IU1_K1_LDSTI0_LBSPPA0_LBSPPB0_LBSPPMXSA0_LBSPPMXSB0_LBSPPM0_LPA0_LPB0_LPMXSA0_LPMXSB0_LPM0_LRVW8_LWPMn1_MIAV0_MIWT8_8_MXLIBL_MXSFNS_MO40_MGRIPM1_NTn1_NTA0_NTB0_NTC0_NTD4_NTE0_NTMXSA0_NTMXSB0_NTM0_NTWS0_NVn1_NVA0_NVB0_NVC0_NVD0_NVE0_NVMXSA0_NVMXSB0_NVM0_NVWS0_NEPBS0_NLCA1_NLCB1_ONLL1_PAP0_PGL0_PGR2_PLR1_PKA1_SGROB0_SIA3_SS1_SPO0_SRVW0_SSO0_SVW8_SK5_SKFTR0_SKFDPO0_SKXCCM0_SNLL0_SIP1_SGRO0_TDMI0_TDMIM0_TDMS0_TIN0_THn1_THA0_THB0_THC0_THD0_THE0_THMXSA0_THMXSB0_THM0_THWS0_TLDS0_TLDSM1_ULSGRO0_USL1_USLMX0_UIOFGRO0_UPLRP1_USFGRO0_USI0_VSn1_VWA8_VWB8_WSGRA0_WSGRB0_WS64_WG32_8_1,440763231110978,440763231280059,1,SQ_INSTS_VALU_MFMA_MOPS_F64,0.0
2,00001a45-517f-717f-afe3-2dc9eac73cd3,148,1,229376,256,131072,0,120,384,112,Cijk_Ailk_Bjlk_BBS_BH_Bias_HA_S_SAV_UserArgs_MT256x256x64_MI16x16x1_CMS_SN_LDSB0_AFC0_AG0_AGGSUA0_AGNTAB0_AFEM1_AFEM1_ASEM1_CD1_1_CLR1_CLS0_CADS0_DTLA1_DTLB1_DTLM0_DTVA0_DTVB0_DTVMXSA0_DTVMXSB0_DTVSM0_DPLB0_EPS0_ELFLR0_EMLLn1_FDSI0_GRPM1_GRVWA8_GRVWB8_GSU0_GSUAMB_GLS0_HPLR0_ISA950_ICIW0_IU1_K1_LDSTI0_LBSPPA0_LBSPPB0_LBSPPMXSA0_LBSPPMXSB0_LBSPPM0_LPA0_LPB0_LPMXSA0_LPMXSB0_LPM0_LRVW8_LWPMn1_MIAV0_MIWT8_8_MXLIBL_MXSFNS_MO40_MGRIPM1_NTn1_NTA0_NTB0_NTC0_NTD4_NTE0_NTMXSA0_NTMXSB0_NTM0_NTWS0_NVn1_NVA0_NVB0_NVC0_NVD0_NVE0_NVMXSA0_NVMXSB0_NVM0_NVWS0_NEPBS0_NLCA1_NLCB1_ONLL1_PAP0_PGL0_PGR2_PLR1_PKA1_SGROB0_SIA3_SS1_SPO0_SRVW0_SSO0_SVW8_SK5_SKFTR0_SKFDPO0_SKXCCM0_SNLL0_SIP1_SGRO0_TDMI0_TDMIM0_TDMS0_TIN0_THn1_THA0_THB0_THC0_THD0_THE0_THMXSA0_THMXSB0_THM0_THWS0_TLDS0_TLDSM1_ULSGRO0_USL1_USLMX0_UIOFGRO0_UPLRP1_USFGRO0_USI0_VSn1_VWA8_VWB8_WSGRA0_WSGRB0_WS64_WG32_8_1,440763231110978,440763231280059,1,SQ_INSTS_VALU_MFMA_MOPS_F8,0.0
2,00001a45-517f-717f-afe3-2dc9eac73cd3,148,1,229376,256,131072,0,120,384,112,Cijk_Ailk_Bjlk_BBS_BH_Bias_HA_S_SAV_UserArgs_MT256x256x64_MI16x16x1_CMS_SN_LDSB0_AFC0_AG0_AGGSUA0_AGNTAB0_AFEM1_AFEM1_ASEM1_CD1_1_CLR1_CLS0_CADS0_DTLA1_DTLB1_DTLM0_DTVA0_DTVB0_DTVMXSA0_DTVMXSB0_DTVSM0_DPLB0_EPS0_ELFLR0_EMLLn1_FDSI0_GRPM1_GRVWA8_GRVWB8_GSU0_GSUAMB_GLS0_HPLR0_ISA950_ICIW0_IU1_K1_LDSTI0_LBSPPA0_LBSPPB0_LBSPPMXSA0_LBSPPMXSB0_LBSPPM0_LPA0_LPB0_LPMXSA0_LPMXSB0_LPM0_LRVW8_LWPMn1_MIAV0_MIWT8_8_MXLIBL_MXSFNS_MO40_MGRIPM1_NTn1_NTA0_NTB0_NTC0_NTD4_NTE0_NTMXSA0_NTMXSB0_NTM0_NTWS0_NVn1_NVA0_NVB0_NVC0_NVD0_NVE0_NVMXSA0_NVMXSB0_NVM0_NVWS0_NEPBS0_NLCA1_NLCB1_ONLL1_PAP0_PGL0_PGR2_PLR1_PKA1_SGROB0_SIA3_SS1_SPO0_SRVW0_SSO0_SVW8_SK5_SKFTR0_SKFDPO0_SKXCCM0_SNLL0_SIP1_SGRO0_TDMI0_TDMIM0_TDMS0_TIN0_THn1_THA0_THB0_THC0_THD0_THE0_THMXSA0_THMXSB0_THM0_THWS0_TLDS0_TLDSM1_ULSGRO0_USL1_USLMX0_UIOFGRO0_UPLRP1_USFGRO0_USI0_VSn1_VWA8_VWB8_WSGRA0_WSGRB0_WS64_WG32_8_1,440763231110978,440763231280059,1,SQ_INSTS_VALU_MFMA_MOPS_I8,3440640.0
2,00001a45-517f-717f-afe3-2dc9eac73cd3,148,1,229376,256,131072,0,120,384,112,Cijk_Ailk_Bjlk_BBS_BH_Bias_HA_S_SAV_UserArgs_MT256x256x64_MI16x16x1_CMS_SN_LDSB0_AFC0_AG0_AGGSUA0_AGNTAB0_AFEM1_AFEM1_ASEM1_CD1_1_CLR1_CLS0_CADS0_DTLA1_DTLB1_DTLM0_DTVA0_DTVB0_DTVMXSA0_DTVMXSB0_DTVSM0_DPLB0_EPS0_ELFLR0_EMLLn1_FDSI0_GRPM1_GRVWA8_GRVWB8_GSU0_GSUAMB_GLS0_HPLR0_ISA950_ICIW0_IU1_K1_LDSTI0_LBSPPA0_LBSPPB0_LBSPPMXSA0_LBSPPMXSB0_LBSPPM0_LPA0_LPB0_LPMXSA0_LPMXSB0_LPM0_LRVW8_LWPMn1_MIAV0_MIWT8_8_MXLIBL_MXSFNS_MO40_MGRIPM1_NTn1_NTA0_NTB0_NTC0_NTD4_NTE0_NTMXSA0_NTMXSB0_NTM0_NTWS0_NVn1_NVA0_NVB0_NVC0_NVD0_NVE0_NVMXSA0_NVMXSB0_NVM0_NVWS0_NEPBS0_NLCA1_NLCB1_ONLL1_PAP0_PGL0_PGR2_PLR1_PKA1_SGROB0_SIA3_SS1_SPO0_SRVW0_SSO0_SVW8_SK5_SKFTR0_SKFDPO0_SKXCCM0_SNLL0_SIP1_SGRO0_TDMI0_TDMIM0_TDMS0_TIN0_THn1_THA0_THB0_THC0_THD0_THE0_THMXSA0_THMXSB0_THM0_THWS0_TLDS0_TLDSM1_ULSGRO0_USL1_USLMX0_UIOFGRO0_UPLRP1_USFGRO0_USI0_VSn1_VWA8_VWB8_WSGRA0_WSGRB0_WS64_WG32_8_1,440763231110978,440763231280059,1,SQ_WAVES,3584.0
2,00001a45-517f-717f-afe3-2dc9eac73cd3,151,2,32768,256,135168,0,120,384,96,Cijk_Alik_Bljk_BBS_BH_Bias_HA_S_SAV_UserArgs_MT256x256x64_MI16x16x1_CMS_SN_LDSB0_AFC0_AG1_AGGSUA0_AGNTAB0_AFEM1_AFEM1_ASEM1_CD1_1_CLR0_CLS0_CADS0_DTLA1_DTLB1_DTLM0_DTVA0_DTVB0_DTVMXSA0_DTVMXSB0_DTVSM0_DPLB0_EPS0_ELFLR0_EMLLn1_FDSI0_GRPM1_GRVWA8_GRVWB8_GSU0_GSUAMB_GLS0_HPLR0_ISA950_ICIW0_IU1_K1_LDSTI0_LBSPPA1024_LBSPPB1024_LBSPPMXSA0_LBSPPMXSB0_LBSPPM0_LPA16_LPB16_LPMXSA0_LPMXSB0_LPM0_LRVW8_LWPMn1_MIAV0_MIWT8_8_MXLIBL_MXSFNS_MO40_MGRIPM1_NTn1_NTA0_NTB0_NTC4_NTD4_NTE0_NTMXSA0_NTMXSB0_NTM0_NTWS0_NVn1_NVA0_NVB0_NVC0_NVD0_NVE0_NVMXSA0_NVMXSB0_NVM0_NVWS0_NEPBS0_NLCA1_NLCB1_ONLL1_PAP0_PGL0_PGR2_PLR1_PKA1_SGROB0_SIA3_SS1_SPO0_SRVW0_SSO4_SVW8_SK5_SKFTR0_SKFDPO0_SKXCCM0_SNLL0_SIP1_SGRO0_TDMI0_TDMIM0_TDMS0_TIN0_THn1_THA0_THB0_THC0_THD0_THE0_THMXSA0_THMXSB0_THM0_THWS0_TLDS1_TLDSM1_ULSGRO0_USL1_USLMX0_UIOFGRO0_UPLRP0_USFGRO0_USI0_VSn1_VWA8_VWB8_WSGRA0_WSGRB0_WS64_WG32_8_1,440763231564341,440763231817742,2,GRBM_GUI_ACTIVE,4795580.0
2,00001a45-517f-717f-afe3-2dc9eac73cd3,151,2,32768,256,135168,0,120,384,96,Cijk_Alik_Bljk_BBS_BH_Bias_HA_S_SAV_UserArgs_MT256x256x64_MI16x16x1_CMS_SN_LDSB0_AFC0_AG1_AGGSUA0_AGNTAB0_AFEM1_AFEM1_ASEM1_CD1_1_CLR0_CLS0_CADS0_DTLA1_DTLB1_DTLM0_DTVA0_DTVB0_DTVMXSA0_DTVMXSB0_DTVSM0_DPLB0_EPS0_ELFLR0_EMLLn1_FDSI0_GRPM1_GRVWA8_GRVWB8_GSU0_GSUAMB_GLS0_HPLR0_ISA950_ICIW0_IU1_K1_LDSTI0_LBSPPA1024_LBSPPB1024_LBSPPMXSA0_LBSPPMXSB0_LBSPPM0_LPA16_LPB16_LPMXSA0_LPMXSB0_LPM0_LRVW8_LWPMn1_MIAV0_MIWT8_8_MXLIBL_MXSFNS_MO40_MGRIPM1_NTn1_NTA0_NTB0_NTC4_NTD4_NTE0_NTMXSA0_NTMXSB0_NTM0_NTWS0_NVn1_NVA0_NVB0_NVC0_NVD0_NVE0_NVMXSA0_NVMXSB0_NVM0_NVWS0_NEPBS0_NLCA1_NLCB1_ONLL1_PAP0_PGL0_PGR2_PLR1_PKA1_SGROB0_SIA3_SS1_SPO0_SRVW0_SSO4_SVW8_SK5_SKFTR0_SKFDPO0_SKXCCM0_SNLL0_SIP1_SGRO0_TDMI0_TDMIM0_TDMS0_TIN0_THn1_THA0_THB0_THC0_THD0_THE0_THMXSA0_THMXSB0_THM0_THWS0_TLDS1_TLDSM1_ULSGRO0_USL1_USLMX0_UIOFGRO0_UPLRP0_USFGRO0_USI0_VSn1_VWA8_VWB8_WSGRA0_WSGRB0_WS64_WG32_8_1,440763231564341,440763231817742,2,SQ_INSTS_VALU_MFMA_MOPS_BF16,469762048.0
2,00001a45-517f-717f-afe3-2dc9eac73cd3,151,2,32768,256,135168,0,120,384,96,Cijk_Alik_Bljk_BBS_BH_Bias_HA_S_SAV_UserArgs_MT256x256x64_MI16x16x1_CMS_SN_LDSB0_AFC0_AG1_AGGSUA0_AGNTAB0_AFEM1_AFEM1_ASEM1_CD1_1_CLR0_CLS0_CADS0_DTLA1_DTLB1_DTLM0_DTVA0_DTVB0_DTVMXSA0_DTVMXSB0_DTVSM0_DPLB0_EPS0_ELFLR0_EMLLn1_FDSI0_GRPM1_GRVWA8_GRVWB8_GSU0_GSUAMB_GLS0_HPLR0_ISA950_ICIW0_IU1_K1_LDSTI0_LBSPPA1024_LBSPPB1024_LBSPPMXSA0_LBSPPMXSB0_LBSPPM0_LPA16_LPB16_LPMXSA0_LPMXSB0_LPM0_LRVW8_LWPMn1_MIAV0_MIWT8_8_MXLIBL_MXSFNS_MO40_MGRIPM1_NTn1_NTA0_NTB0_NTC4_NTD4_NTE0_NTMXSA0_NTMXSB0_NTM0_NTWS0_NVn1_NVA0_NVB0_NVC0_NVD0_NVE0_NVMXSA0_NVMXSB0_NVM0_NVWS0_NEPBS0_NLCA1_NLCB1_ONLL1_PAP0_PGL0_PGR2_PLR1_PKA1_SGROB0_SIA3_SS1_SPO0_SRVW0_SSO4_SVW8_SK5_SKFTR0_SKFDPO0_SKXCCM0_SNLL0_SIP1_SGRO0_TDMI0_TDMIM0_TDMS0_TIN0_THn1_THA0_THB0_THC0_THD0_THE0_THMXSA0_THMXSB0_THM0_THWS0_TLDS1_TLDSM1_ULSGRO0_USL1_USLMX0_UIOFGRO0_UPLRP0_USFGRO0_USI0_VSn1_VWA8_VWB8_WSGRA0_WSGRB0_WS64_WG32_8_1,440763231564341,440763231817742,2,SQ_INSTS_VALU_MFMA_MOPS_F16,0.0
2,00001a45-517f-717f-afe3-2dc9eac73cd3,151,2,32768,256,135168,0,120,384,96,Cijk_Alik_Bljk_BBS_BH_Bias_HA_S_SAV_UserArgs_MT256x256x64_MI16x16x1_CMS_SN_LDSB0_AFC0_AG1_AGGSUA0_AGNTAB0_AFEM1_AFEM1_ASEM1_CD1_1_CLR0_CLS0_CADS0_DTLA1_DTLB1_DTLM0_DTVA0_DTVB0_DTVMXSA0_DTVMXSB0_DTVSM0_DPLB0_EPS0_ELFLR0_EMLLn1_FDSI0_GRPM1_GRVWA8_GRVWB8_GSU0_GSUAMB_GLS0_HPLR0_ISA950_ICIW0_IU1_K1_LDSTI0_LBSPPA1024_LBSPPB1024_LBSPPMXSA0_LBSPPMXSB0_LBSPPM0_LPA16_LPB16_LPMXSA0_LPMXSB0_LPM0_LRVW8_LWPMn1_MIAV0_MIWT8_8_MXLIBL_MXSFNS_MO40_MGRIPM1_NTn1_NTA0_NTB0_NTC4_NTD4_NTE0_NTMXSA0_NTMXSB0_NTM0_NTWS0_NVn1_NVA0_NVB0_NVC0_NVD0_NVE0_NVMXSA0_NVMXSB0_NVM0_NVWS0_NEPBS0_NLCA1_NLCB1_ONLL1_PAP0_PGL0_PGR2_PLR1_PKA1_SGROB0_SIA3_SS1_SPO0_SRVW0_SSO4_SVW8_SK5_SKFTR0_SKFDPO0_SKXCCM0_SNLL0_SIP1_SGRO0_TDMI0_TDMIM0_TDMS0_TIN0_THn1_THA0_THB0_THC0_THD0_THE0_THMXSA0_THMXSB0_THM0_THWS0_TLDS1_TLDSM1_ULSGRO0_USL1_USLMX0_UIOFGRO0_UPLRP0_USFGRO0_USI0_VSn1_VWA8_VWB8_WSGRA0_WSGRB0_WS64_WG32_8_1,440763231564341,440763231817742,2,SQ_INSTS_VALU_MFMA_MOPS_F32,0.0
2,00001a45-517f-717f-afe3-2dc9eac73cd3,151,2,32768,256,135168,0,120,384,96,Cijk_Alik_Bljk_BBS_BH_Bias_HA_S_SAV_UserArgs_MT256x256x64_MI16x16x1_CMS_SN_LDSB0_AFC0_AG1_AGGSUA0_AGNTAB0_AFEM1_AFEM1_ASEM1_CD1_1_CLR0_CLS0_CADS0_DTLA1_DTLB1_DTLM0_DTVA0_DTVB0_DTVMXSA0_DTVMXSB0_DTVSM0_DPLB0_EPS0_ELFLR0_EMLLn1_FDSI0_GRPM1_GRVWA8_GRVWB8_GSU0_GSUAMB_GLS0_HPLR0_ISA950_ICIW0_IU1_K1_LDSTI0_LBSPPA1024_LBSPPB1024_LBSPPMXSA0_LBSPPMXSB0_LBSPPM0_LPA16_LPB16_LPMXSA0_LPMXSB0_LPM0_LRVW8_LWPMn1_MIAV0_MIWT8_8_MXLIBL_MXSFNS_MO40_MGRIPM1_NTn1_NTA0_NTB0_NTC4_NTD4_NTE0_NTMXSA0_NTMXSB0_NTM0_NTWS0_NVn1_NVA0_NVB0_NVC0_NVD0_NVE0_NVMXSA0_NVMXSB0_NVM0_NVWS0_NEPBS0_NLCA1_NLCB1_ONLL1_PAP0_PGL0_PGR2_PLR1_PKA1_SGROB0_SIA3_SS1_SPO0_SRVW0_SSO4_SVW8_SK5_SKFTR0_SKFDPO0_SKXCCM0_SNLL0_SIP1_SGRO0_TDMI0_TDMIM0_TDMS0_TIN0_THn1_THA0_THB0_THC0_THD0_THE0_THMXSA0_THMXSB0_THM0_THWS0_TLDS1_TLDSM1_ULSGRO0_USL1_USLMX0_UIOFGRO0_UPLRP0_USFGRO0_USI0_VSn1_VWA8_VWB8_WSGRA0_WSGRB0_WS64_WG32_8_1,440763231564341,440763231817742,2,SQ_INSTS_VALU_MFMA_MOPS_F64,0.0
2,00001a45-517f-717f-afe3-2dc9eac73cd3,151,2,32768,256,135168,0,120,384,96,Cijk_Alik_Bljk_BBS_BH_Bias_HA_S_SAV_UserArgs_MT256x256x64_MI16x16x1_CMS_SN_LDSB0_AFC0_AG1_AGGSUA0_AGNTAB0_AFEM1_AFEM1_ASEM1_CD1_1_CLR0_CLS0_CADS0_DTLA1_DTLB1_DTLM0_DTVA0_DTVB0_DTVMXSA0_DTVMXSB0_DTVSM0_DPLB0_EPS0_ELFLR0_EMLLn1_FDSI0_GRPM1_GRVWA8_GRVWB8_GSU0_GSUAMB_GLS0_HPLR0_ISA950_ICIW0_IU1_K1_LDSTI0_LBSPPA1024_LBSPPB1024_LBSPPMXSA0_LBSPPMXSB0_LBSPPM0_LPA16_LPB16_LPMXSA0_LPMXSB0_LPM0_LRVW8_LWPMn1_MIAV0_MIWT8_8_MXLIBL_MXSFNS_MO40_MGRIPM1_NTn1_NTA0_NTB0_NTC4_NTD4_NTE0_NTMXSA0_NTMXSB0_NTM0_NTWS0_NVn1_NVA0_NVB0_NVC0_NVD0_NVE0_NVMXSA0_NVMXSB0_NVM0_NVWS0_NEPBS0_NLCA1_NLCB1_ONLL1_PAP0_PGL0_PGR2_PLR1_PKA1_SGROB0_SIA3_SS1_SPO0_SRVW0_SSO4_SVW8_SK5_SKFTR0_SKFDPO0_SKXCCM0_SNLL0_SIP1_SGRO0_TDMI0_TDMIM0_TDMS0_TIN0_THn1_THA0_THB0_THC0_THD0_THE0_THMXSA0_THMXSB0_THM0_THWS0_TLDS1_TLDSM1_ULSGRO0_USL1_USLMX0_UIOFGRO0_UPLRP0_USFGRO0_USI0_VSn1_VWA8_VWB8_WSGRA0_WSGRB0_WS64_WG32_8_1,440763231564341,440763231817742,2,SQ_INSTS_VALU_MFMA_MOPS_F8,0.0
2,00001a45-517f-717f-afe3-2dc9eac73cd3,151,2,32768,256,135168,0,120,384,96,Cijk_Alik_Bljk_BBS_BH_Bias_HA_S_SAV_UserArgs_MT256x256x64_MI16x16x1_CMS_SN_LDSB0_AFC0_AG1_AGGSUA0_AGNTAB0_AFEM1_AFEM1_ASEM1_CD1_1_CLR0_CLS0_CADS0_DTLA1_DTLB1_DTLM0_DTVA0_DTVB0_DTVMXSA0_DTVMXSB0_DTVSM0_DPLB0_EPS0_ELFLR0_EMLLn1_FDSI0_GRPM1_GRVWA8_GRVWB8_GSU0_GSUAMB_GLS0_HPLR0_ISA950_ICIW0_IU1_K1_LDSTI0_LBSPPA1024_LBSPPB1024_LBSPPMXSA0_LBSPPMXSB0_LBSPPM0_LPA16_LPB16_LPMXSA0_LPMXSB0_LPM0_LRVW8_LWPMn1_MIAV0_MIWT8_8_MXLIBL_MXSFNS_MO40_MGRIPM1_NTn1_NTA0_NTB0_NTC4_NTD4_NTE0_NTMXSA0_NTMXSB0_NTM0_NTWS0_NVn1_NVA0_NVB0_NVC0_NVD0_NVE0_NVMXSA0_NVMXSB0_NVM0_NVWS0_NEPBS0_NLCA1_NLCB1_ONLL1_PAP0_PGL0_PGR2_PLR1_PKA1_SGROB0_SIA3_SS1_SPO0_SRVW0_SSO4_SVW8_SK5_SKFTR0_SKFDPO0_SKXCCM0_SNLL0_SIP1_SGRO0_TDMI0_TDMIM0_TDMS0_TIN0_THn1_THA0_THB0_THC0_THD0_THE0_THMXSA0_THMXSB0_THM0_THWS0_TLDS1_TLDSM1_ULSGRO0_USL1_USLMX0_UIOFGRO0_UPLRP0_USFGRO0_USI0_VSn1_VWA8_VWB8_WSGRA0_WSGRB0_WS64_WG32_8_1,440763231564341,440763231817742,2,SQ_INSTS_VALU_MFMA_MOPS_I8,491520.0
2,00001a45-517f-717f-afe3-2dc9eac73cd3,151,2,32768,256,135168,0,120,384,96,Cijk_Alik_Bljk_BBS_BH_Bias_HA_S_SAV_UserArgs_MT256x256x64_MI16x16x1_CMS_SN_LDSB0_AFC0_AG1_AGGSUA0_AGNTAB0_AFEM1_AFEM1_ASEM1_CD1_1_CLR0_CLS0_CADS0_DTLA1_DTLB1_DTLM0_DTVA0_DTVB0_DTVMXSA0_DTVMXSB0_DTVSM0_DPLB0_EPS0_ELFLR0_EMLLn1_FDSI0_GRPM1_GRVWA8_GRVWB8_GSU0_GSUAMB_GLS0_HPLR0_ISA950_ICIW0_IU1_K1_LDSTI0_LBSPPA1024_LBSPPB1024_LBSPPMXSA0_LBSPPMXSB0_LBSPPM0_LPA16_LPB16_LPMXSA0_LPMXSB0_LPM0_LRVW8_LWPMn1_MIAV0_MIWT8_8_MXLIBL_MXSFNS_MO40_MGRIPM1_NTn1_NTA0_NTB0_NTC4_NTD4_NTE0_NTMXSA0_NTMXSB0_NTM0_NTWS0_NVn1_NVA0_NVB0_NVC0_NVD0_NVE0_NVMXSA0_NVMXSB0_NVM0_NVWS0_NEPBS0_NLCA1_NLCB1_ONLL1_PAP0_PGL0_PGR2_PLR1_PKA1_SGROB0_SIA3_SS1_SPO0_SRVW0_SSO4_SVW8_SK5_SKFTR0_SKFDPO0_SKXCCM0_SNLL0_SIP1_SGRO0_TDMI0_TDMIM0_TDMS0_TIN0_THn1_THA0_THB0_THC0_THD0_THE0_THMXSA0_THMXSB0_THM0_THWS0_TLDS1_TLDSM1_ULSGRO0_USL1_USLMX0_UIOFGRO0_UPLRP0_USFGRO0_USI0_VSn1_VWA8_VWB8_WSGRA0_WSGRB0_WS64_WG32_8_1,440763231564341,440763231817742,2,SQ_WAVES,512.0
